"go","cluster","parent","score","size","term","parentTerm","termUniqueness","termUniquenessWithinCluster","termDispensability"
"GO:0009987",1,"GO:0009987",39.4868146351106,17654,"cellular process","cellular process",0.966168449197861,1,0
"GO:0050896",2,"GO:0050896",26.0031578673299,10589,"response to stimulus","response to stimulus",0.94772192513369,0.5795,0
"GO:0051716",2,"GO:0050896",25.1144450749262,8443,"cellular response to stimulus","response to stimulus",0.915117647058824,0.60175,0.675
"GO:0022402",3,"GO:0022402",19.7547841991009,1327,"cell cycle process","cell cycle process",0.773160427807487,0.285914285714286,0
"GO:0051276",4,"GO:0051276",16.84032136096,614,"chromosome organization","chromosome organization",0.858708556149733,0.303846153846154,0
"GO:0065007",5,"GO:0065007",16.5857465517617,13267,"biological regulation","biological regulation",0.942267379679144,0.64,0
"GO:1903047",3,"GO:0022402",16.5857465517617,766,"mitotic cell cycle process","cell cycle process",0.772534759358289,0.275957142857143,0.898
"GO:0007049",3,"GO:0022402",16.5117146082236,1716,"cell cycle","cell cycle process",0.780614973262032,0.309785714285714,0.949
"GO:0050789",5,"GO:0065007",15.7281635359031,12842,"regulation of biological process","biological regulation",0.936614973262032,0.6182,0.565
"GO:0007059",3,"GO:0022402",15.6806126885592,433,"chromosome segregation","cell cycle process",0.773350267379679,0.280085714285714,0.851
"GO:0000280",6,"GO:0000280",15.3417496877398,468,"nuclear division","nuclear division",0.863647058823529,0.379529411764706,0
"GO:0000278",3,"GO:0022402",15.2347762771643,897,"mitotic cell cycle","cell cycle process",0.779483957219251,0.297671428571429,0.859
"GO:0032501",7,"GO:0032501",14.9633265153776,8756,"multicellular organismal process","multicellular organismal process",0.956994652406417,0.519714285714286,0
"GO:0006261",9,"GO:0006261",14.5614450917559,156,"DNA-templated DNA replication","DNA-templated DNA replication",0.914409090909091,0.2758,0
"GO:0051301",8,"GO:0051301",14.5614450917559,641,"cell division","cell division",0.964219251336898,0.244222222222222,0
"GO:0098813",3,"GO:0022402",14.2492647721667,328,"nuclear chromosome segregation","cell cycle process",0.774612299465241,0.284271428571429,0.826
"GO:0048285",6,"GO:0000280",13.7034927077343,526,"organelle fission","nuclear division",0.863804812834225,0.378823529411765,0.984
"GO:0050794",5,"GO:0065007",13.5914898281553,12182,"regulation of cellular process","biological regulation",0.907328877005348,0.6156,0.521
"GO:0023052",10,"GO:0023052",13.5914898281553,7371,"signaling","signaling",0.927176470588235,0.387571428571429,0
"GO:0007165",10,"GO:0023052",13.5914898281553,6749,"signal transduction","signaling",0.864989304812834,0.366142857142857,0.85
"GO:0000070",3,"GO:0022402",13.0622237714248,190,"mitotic sister chromatid segregation","cell cycle process",0.718339572192513,0.264457142857143,0.781
"GO:0007154",11,"GO:0007154",13.0522004220238,7407,"cell communication","cell communication",0.946978609625668,0.633,0
"GO:0140014",6,"GO:0000280",11.5802012605153,282,"mitotic nuclear division","nuclear division",0.738187165775401,0.397882352941176,0.947
"GO:0006260",9,"GO:0006261",10.9848303031938,273,"DNA replication","DNA-templated DNA replication",0.91405614973262,0.29136,0.958
"GO:0000819",3,"GO:0022402",10.7460742680818,230,"sister chromatid segregation","cell cycle process",0.732304812834225,0.291157142857143,0.791
"GO:0008283",12,"GO:0008283",10.4258033415759,2170,"cell population proliferation","cell population proliferation",0.953112299465241,0.294785714285714,0
"GO:0048856",13,"GO:0048856",10.3039432767598,6568,"anatomical structure development","anatomical structure development",0.942395721925134,0.538076923076923,0
"GO:0032502",13,"GO:0048856",9.95518622334343,7078,"developmental process","anatomical structure development",0.944532085561497,0.561,0.815
"GO:0051321",14,"GO:0051321",9.93786227194326,361,"meiotic cell cycle","meiotic cell cycle",0.797294117647059,0.2105,0
"GO:1903046",14,"GO:0051321",9.77148038147653,249,"meiotic cell cycle process","meiotic cell cycle",0.790652406417112,0.2054,0.977
"GO:0044281",15,"GO:0044281",9.21563462477351,1887,"small molecule metabolic process","small molecule metabolic process",0.919633689839572,0.306047619047619,0
"GO:0051310",16,"GO:0051310",8.29216595768611,102,"metaphase chromosome alignment","metaphase chromosome alignment",0.780636363636364,0.191,0
"GO:0007275",7,"GO:0032501",7.9888700867076,5193,"multicellular organism development","multicellular organismal process",0.918802139037433,0.485,0.681
"GO:0042127",12,"GO:0008283",7.98884830768035,1789,"regulation of cell population proliferation","cell population proliferation",0.913435828877005,0.281357142857143,0.932
"GO:0007010",6,"GO:0000280",7.93666130371879,1537,"cytoskeleton organization","nuclear division",0.872745989304813,0.444823529411765,0.609
"GO:0006629",17,"GO:0006629",7.89416795257712,1461,"lipid metabolic process","lipid metabolic process",0.930090909090909,0.359375,0
"GO:0008608",16,"GO:0051310",7.89416795257712,51,"attachment of spindle microtubules to kinetochore","metaphase chromosome alignment",0.791572192513369,0.198,0.946
"GO:0010564",3,"GO:0022402",7.74002192127846,780,"regulation of cell cycle process","cell cycle process",0.743909090909091,0.2314,0.894
"GO:0043436",15,"GO:0044281",7.7065165337927,1009,"oxoacid metabolic process","small molecule metabolic process",0.898486631016043,0.238904761904762,0.876
"GO:0006270",9,"GO:0006261",7.54814115010371,35,"DNA replication initiation","DNA-templated DNA replication",0.922625668449198,0.32776,0.876
"GO:0006082",15,"GO:0044281",7.54364611708953,1015,"organic acid metabolic process","small molecule metabolic process",0.898465240641711,0.239523809523809,0.877
"GO:0019752",15,"GO:0044281",7.08778450209319,988,"carboxylic acid metabolic process","small molecule metabolic process",0.898513368983957,0.238190476190476,0.875
"GO:0016043",6,"GO:0000280",6.95287020799096,6878,"cellular component organization","nuclear division",0.890850267379679,0.466941176470588,0.529
"GO:0051303",16,"GO:0051310",6.94241406881939,117,"establishment of chromosome localization","metaphase chromosome alignment",0.96070320855615,0.195285714285714,0.989
"GO:0061982",14,"GO:0051321",6.82039385038934,146,"meiosis I cell cycle process","meiotic cell cycle",0.797732620320856,0.226,0.936
"GO:0006259",9,"GO:0006261",6.81726737969216,978,"DNA metabolic process","DNA-templated DNA replication",0.913270053475936,0.37204,0.774
"GO:0032392",4,"GO:0051276",6.78762686412526,75,"DNA geometric change","chromosome organization",0.881131016042781,0.333153846153846,0.786
"GO:0050000",16,"GO:0051310",6.78744366432011,124,"chromosome localization","metaphase chromosome alignment",0.977901069518717,0.198142857142857,0.985
"GO:0000226",18,"GO:0000226",6.77969044877746,686,"microtubule cytoskeleton organization","microtubule cytoskeleton organization",0.873451871657754,0.283277777777778,0
"GO:0071103",4,"GO:0051276",6.7496510790214,84,"DNA conformation change","chromosome organization",0.880058823529412,0.330461538461538,0.795
"GO:1905818",3,"GO:0022402",6.74792938224046,78,"regulation of chromosome separation","cell cycle process",0.76075935828877,0.252685714285714,0.704
"GO:0044770",3,"GO:0022402",6.62328205091309,578,"cell cycle phase transition","cell cycle process",0.775716577540107,0.252942857142857,0.859
"GO:0032508",4,"GO:0051276",6.61931806556674,69,"DNA duplex unwinding","chromosome organization",0.882606951871658,0.338769230769231,0.774
"GO:0051304",3,"GO:0022402",6.61931806556674,88,"chromosome separation","cell cycle process",0.795066844919786,0.3345,0.713
"GO:0140013",14,"GO:0051321",6.54108843541737,220,"meiotic nuclear division","meiotic cell cycle",0.744283422459893,0.2077,0.961
"GO:0044772",3,"GO:0022402",6.49723212873098,455,"mitotic cell cycle phase transition","cell cycle process",0.770775401069519,0.239428571428571,0.832
"GO:1901987",3,"GO:0022402",6.49723212873098,475,"regulation of cell cycle phase transition","cell cycle process",0.745713903743316,0.2106,0.838
"GO:0007346",3,"GO:0022402",6.49016083958447,527,"regulation of mitotic cell cycle","cell cycle process",0.754545454545455,0.261728571428571,0.789
"GO:0090068",3,"GO:0022402",6.46318492940621,276,"positive regulation of cell cycle process","cell cycle process",0.754919786096257,0.277014285714286,0.787
"GO:0032787",15,"GO:0044281",6.27665299712185,734,"monocarboxylic acid metabolic process","small molecule metabolic process",0.900647058823529,0.234857142857143,0.831
"GO:0045787",3,"GO:0022402",6.22970720780657,360,"positive regulation of cell cycle","cell cycle process",0.762342245989305,0.305757142857143,0.758
"GO:0007093",3,"GO:0022402",6.20650763043848,160,"mitotic cell cycle checkpoint signaling","cell cycle process",0.71148128342246,0.211328571428571,0.752
"GO:0044839",3,"GO:0022402",6.19480006620521,161,"cell cycle G2/M phase transition","cell cycle process",0.794767379679144,0.310728571428571,0.75
"GO:0051726",3,"GO:0022402",6.19480006620521,1113,"regulation of cell cycle","cell cycle process",0.750235294117647,0.258042857142857,0.874
"GO:0006631",15,"GO:0044281",6.18689860358582,478,"fatty acid metabolic process","small molecule metabolic process",0.888617647058824,0.239380952380952,0.791
"GO:0045839",6,"GO:0000280",6.14402773625869,65,"negative regulation of mitotic nuclear division","nuclear division",0.714847593582888,0.351352941176471,0.823
"GO:0030154",19,"GO:0030154",6.13408458698056,4941,"cell differentiation","cell differentiation",0.918866310160428,0.403444444444444,0
"GO:0048869",19,"GO:0030154",6.13395983458289,4942,"cellular developmental process","cell differentiation",0.918871657754011,0.403555555555556,0.931
"GO:0044786",9,"GO:0006261",6.13395983458289,43,"cell cycle DNA replication","DNA-templated DNA replication",0.768141711229946,0.29728,0.868
"GO:0045930",3,"GO:0022402",6.13395983458289,249,"negative regulation of mitotic cell cycle","cell cycle process",0.74744385026738,0.247571428571429,0.732
"GO:0033046",3,"GO:0022402",6.077139308317,55,"negative regulation of sister chromatid segregation","cell cycle process",0.704417112299465,0.230257142857143,0.683
"GO:0033048",3,"GO:0022402",6.077139308317,55,"negative regulation of mitotic sister chromatid segregation","cell cycle process",0.695860962566845,0.221142857142857,0.683
"GO:2000816",3,"GO:0022402",6.077139308317,55,"negative regulation of mitotic sister chromatid separation","cell cycle process",0.693874331550802,0.210528571428571,0.683
"GO:0045841",3,"GO:0022402",6.077139308317,55,"negative regulation of mitotic metaphase/anaphase transition","cell cycle process",0.684545454545455,0.171942857142857,0.683
"GO:0045005",9,"GO:0006261",6.00391125783958,56,"DNA-templated DNA replication maintenance of fidelity","DNA-templated DNA replication",0.921141711229946,0.32404,0.908
"GO:0010965",3,"GO:0022402",6.00391125783958,64,"regulation of mitotic sister chromatid separation","cell cycle process",0.711050802139037,0.246471428571429,0.694
"GO:0051239",7,"GO:0032501",5.99677579615959,3326,"regulation of multicellular organismal process","multicellular organismal process",0.908104278074866,0.486142857142857,0.561
"GO:1901990",3,"GO:0022402",5.9401388476003,354,"regulation of mitotic cell cycle phase transition","cell cycle process",0.744179144385027,0.208328571428571,0.808
"GO:0048731",7,"GO:0032501",5.92716834580765,4393,"system development","multicellular organismal process",0.919647058823529,0.488714285714286,0.644
"GO:1905819",3,"GO:0022402",5.89578849597198,57,"negative regulation of chromosome separation","cell cycle process",0.747911764705882,0.224914285714286,0.687
"GO:1902100",3,"GO:0022402",5.89578849597198,57,"negative regulation of metaphase/anaphase transition of cell cycle","cell cycle process",0.700788770053476,0.203242857142857,0.687
"GO:0006996",6,"GO:0000280",5.81780215120396,3707,"organelle organization","nuclear division",0.869390374331551,0.391647058823529,0.684
"GO:0006281",20,"GO:0006281",5.81780215120396,596,"DNA repair","DNA repair",0.856989304812834,0.357555555555556,0
"GO:0071173",3,"GO:0022402",5.76134147712839,53,"spindle assembly checkpoint signaling","cell cycle process",0.736585561497326,0.266771428571429,0.683
"GO:0071174",3,"GO:0022402",5.76134147712839,55,"mitotic spindle checkpoint signaling","cell cycle process",0.730510695187166,0.252471428571429,0.682
"GO:0007094",3,"GO:0022402",5.76134147712839,53,"mitotic spindle assembly checkpoint signaling","cell cycle process",0.655489304812834,0.153371428571429,0.68
"GO:0000086",3,"GO:0022402",5.72453764475549,143,"G2/M transition of mitotic cell cycle","cell cycle process",0.787371657754011,0.289242857142857,0.741
"GO:0051985",3,"GO:0022402",5.71942801595703,59,"negative regulation of chromosome segregation","cell cycle process",0.749751336898396,0.235414285714286,0.688
"GO:1901991",3,"GO:0022402",5.5741660840504,191,"negative regulation of mitotic cell cycle phase transition","cell cycle process",0.737775401069519,0.204157142857143,0.763
"GO:0031577",3,"GO:0022402",5.56189432757615,59,"spindle checkpoint signaling","cell cycle process",0.735390374331551,0.263771428571429,0.686
"GO:0031297",9,"GO:0006261",5.52956560924616,51,"replication fork processing","DNA-templated DNA replication",0.921548128342246,0.3272,0.903
"GO:0051784",6,"GO:0000280",5.52847876420403,77,"negative regulation of nuclear division","nuclear division",0.824385026737968,0.351235294117647,0.832
"GO:0051306",3,"GO:0022402",5.52847876420403,67,"mitotic sister chromatid separation","cell cycle process",0.736794117647059,0.297014285714286,0.698
"GO:0033047",3,"GO:0022402",5.52847876420403,62,"regulation of mitotic sister chromatid segregation","cell cycle process",0.708141711229947,0.251528571428571,0.695
"GO:0007051",18,"GO:0000226",5.51851736282799,204,"spindle organization","microtubule cytoskeleton organization",0.761863636363636,0.241944444444444,0.853
"GO:0007127",14,"GO:0051321",5.38217839410655,139,"meiosis I","meiotic cell cycle",0.751687165775401,0.2233,0.928
"GO:1901988",3,"GO:0022402",5.27605710707182,286,"negative regulation of cell cycle phase transition","cell cycle process",0.737475935828877,0.202642857142857,0.796
"GO:0006793",21,"GO:0006793",5.16226487013698,2605,"phosphorus metabolic process","phosphorus metabolic process",0.921465240641711,0.333333333333333,0
"GO:0010948",3,"GO:0022402",5.15235319742939,330,"negative regulation of cell cycle process","cell cycle process",0.741483957219251,0.231157142857143,0.808
"GO:0071840",6,"GO:0000280",5.13839345156406,7089,"cellular component organization or biogenesis","nuclear division",0.892085561497326,0.473764705882353,0.522
"GO:0007088",6,"GO:0000280",5.12495761411336,125,"regulation of mitotic nuclear division","nuclear division",0.720679144385027,0.357117647058824,0.862
"GO:0010389",3,"GO:0022402",5.01310429188408,111,"regulation of G2/M transition of mitotic cell cycle","cell cycle process",0.763200534759358,0.259942857142857,0.721
"GO:1902749",3,"GO:0022402",4.98451432113799,125,"regulation of cell cycle G2/M phase transition","cell cycle process",0.768652406417112,0.273871428571429,0.73
"GO:0006950",20,"GO:0006281",4.96498954691934,4207,"response to stress","DNA repair",0.945802139037433,0.45,0.685
"GO:0033260",9,"GO:0006261",4.92978664987952,38,"nuclear DNA replication","DNA-templated DNA replication",0.769532085561497,0.29928,0.862
"GO:0006796",21,"GO:0006793",4.92649816546751,2602,"phosphate-containing compound metabolic process","phosphorus metabolic process",0.921475935828877,0.333166666666667,0.966
"GO:0008284",12,"GO:0008283",4.92649816546751,1039,"positive regulation of cell population proliferation","cell population proliferation",0.904120320855615,0.295428571428571,0.863
"GO:0000075",3,"GO:0022402",4.8287085496971,218,"cell cycle checkpoint signaling","cell cycle process",0.710847593582888,0.209385714285714,0.778
"GO:0006310",9,"GO:0006261",4.73668645446563,341,"DNA recombination","DNA-templated DNA replication",0.919917112299465,0.38008,0.675
"GO:0070887",22,"GO:0070887",4.62411265873814,2591,"cellular response to chemical stimulus","cellular response to chemical stimulus",0.919053475935829,0.37925,0
"GO:0006974",20,"GO:0006281",4.55470289064597,907,"DNA damage response","DNA repair",0.922299465240642,0.359888888888889,0.93
"GO:0007017",18,"GO:0000226",4.55135773888245,1047,"microtubule-based process","microtubule cytoskeleton organization",0.948588235294118,0.328722222222222,0.935
"GO:0033559",15,"GO:0044281",4.54421518960532,158,"unsaturated fatty acid metabolic process","small molecule metabolic process",0.899716577540107,0.301190476190476,0.683
"GO:1902751",3,"GO:0022402",4.43440499812687,32,"positive regulation of cell cycle G2/M phase transition","cell cycle process",0.779529411764706,0.319542857142857,0.644
"GO:0045786",3,"GO:0022402",4.35888333033835,413,"negative regulation of cell cycle","cell cycle process",0.748598930481283,0.256157142857143,0.775
"GO:0051983",3,"GO:0022402",4.31399617576158,134,"regulation of chromosome segregation","cell cycle process",0.75424064171123,0.239857142857143,0.74
"GO:0000727",9,"GO:0006261",4.16509540944602,12,"double-strand break repair via break-induced replication","DNA-templated DNA replication",0.89874064171123,0.51388,0.499
"GO:0006790",23,"GO:0006790",4.15129605269397,352,"sulfur compound metabolic process","sulfur compound metabolic process",0.942120320855615,1,0
"GO:0045132",14,"GO:0051321",4.15129605269397,109,"meiotic chromosome segregation","meiotic cell cycle",0.744532085561497,0.2532,0.898
"GO:1901976",3,"GO:0022402",4.14725965867288,53,"regulation of cell cycle checkpoint","cell cycle process",0.739176470588235,0.284728571428571,0.663
"GO:0048468",19,"GO:0030154",4.13102216812979,3397,"cell development","cell differentiation",0.919997326203209,0.371444444444444,0.836
"GO:0035556",10,"GO:0023052",4.11942328681131,3047,"intracellular signal transduction","signaling",0.872417112299465,0.446142857142857,0.7
"GO:0030071",3,"GO:0022402",4.08293003455502,93,"regulation of mitotic metaphase/anaphase transition","cell cycle process",0.701072192513369,0.194842857142857,0.706
"GO:0042221",22,"GO:0070887",4.08024419796707,4689,"response to chemical","cellular response to chemical stimulus",0.944553475935829,0.408625,0.824
"GO:1902969",9,"GO:0006261",4.07691743267879,16,"mitotic DNA replication","DNA-templated DNA replication",0.77266577540107,0.33356,0.806
"GO:0050793",24,"GO:0050793",4.05469055688846,2755,"regulation of developmental process","regulation of developmental process",0.900029411764706,0.315230769230769,0
"GO:0048583",2,"GO:0050896",4.03992735012594,4280,"regulation of response to stimulus","response to stimulus",0.90751871657754,0.5335,0.54
"GO:0051783",6,"GO:0000280",3.9902635533109,161,"regulation of nuclear division","nuclear division",0.838700534759358,0.352764705882353,0.878
"GO:1902099",3,"GO:0022402",3.98582203989362,96,"regulation of metaphase/anaphase transition of cell cycle","cell cycle process",0.704975935828877,0.207371428571429,0.709
"GO:0006690",15,"GO:0044281",3.89867069608568,156,"icosanoid metabolic process","small molecule metabolic process",0.913235294117647,0.321666666666667,0.691
"GO:0035825",9,"GO:0006261",3.81475977217863,64,"homologous recombination","DNA-templated DNA replication",0.929048128342246,0.43248,0.582
"GO:0007052",18,"GO:0000226",3.80395421978612,131,"mitotic spindle organization","microtubule cytoskeleton organization",0.757831550802139,0.241222222222222,0.814
"GO:0033554",20,"GO:0006281",3.77314478534377,1926,"cellular response to stress","DNA repair",0.919697860962567,0.381777777777778,0.84
"GO:0007091",3,"GO:0022402",3.77314478534377,98,"metaphase/anaphase transition of mitotic cell cycle","cell cycle process",0.703590909090909,0.209142857142857,0.709
"GO:0031055",25,"GO:0031055",3.73659680479349,9,"chromatin remodeling at centromere","chromatin remodeling at centromere",0.93953743315508,0.5,0
"GO:0034080",25,"GO:0031055",3.73659680479349,9,"CENP-A containing chromatin assembly","chromatin remodeling at centromere",0.892631016042781,0.5,1
"GO:0048513",13,"GO:0048856",3.6801691462331,3472,"animal organ development","anatomical structure development",0.946344919786096,0.573384615384615,0.688
"GO:0006279",9,"GO:0006261",3.6801691462331,6,"premeiotic DNA replication","DNA-templated DNA replication",0.786671122994652,0.36996,0.749
"GO:0044784",3,"GO:0022402",3.6801691462331,101,"metaphase/anaphase transition of cell cycle","cell cycle process",0.705836898395722,0.215542857142857,0.714
"GO:0030261",4,"GO:0051276",3.65255001636985,44,"chromosome condensation","chromosome organization",0.885419786096257,0.371923076923077,0.758
"GO:0051315",16,"GO:0051310",3.61894963382907,25,"attachment of mitotic spindle microtubules to kinetochore","metaphase chromosome alignment",0.74707486631016,0.221428571428571,0.897
"GO:0051240",7,"GO:0032501",3.60861471531704,1936,"positive regulation of multicellular organismal process","multicellular organismal process",0.900096256684492,0.527857142857143,0.489
"GO:0044283",15,"GO:0044281",3.60346498985816,617,"small molecule biosynthetic process","small molecule metabolic process",0.924473262032086,0.309095238095238,0.799
"GO:0016310",21,"GO:0006793",3.53686410088473,1637,"phosphorylation","phosphorus metabolic process",0.926096256684492,0.35,0.883
"GO:2000026",24,"GO:0050793",3.53686410088473,1639,"regulation of multicellular organismal development","regulation of developmental process",0.879280748663102,0.336923076923077,0.875
"GO:0010971",3,"GO:0022402",3.53686410088473,29,"positive regulation of G2/M transition of mitotic cell cycle","cell cycle process",0.775660427807487,0.310442857142857,0.633
"GO:0043603",26,"GO:0043603",3.5209749584658,466,"amide metabolic process","amide metabolic process",0.960213903743315,1,0
"GO:0006268",4,"GO:0051276",3.5209749584658,21,"DNA unwinding involved in DNA replication","chromosome organization",0.822141711229947,0.380307692307692,0.709
"GO:0048518",5,"GO:0065007",3.49393870494242,6761,"positive regulation of biological process","biological regulation",0.926524064171123,0.6072,0.369
"GO:0140527",9,"GO:0006261",3.49393870494242,57,"reciprocal homologous recombination","DNA-templated DNA replication",0.929561497326203,0.43592,0.577
"GO:0007131",9,"GO:0006261",3.49393870494242,57,"reciprocal meiotic recombination","DNA-templated DNA replication",0.713013368983957,0.42756,0.577
"GO:0033045",3,"GO:0022402",3.40575708288298,109,"regulation of sister chromatid segregation","cell cycle process",0.70931550802139,0.242171428571429,0.722
"GO:2001251",4,"GO:0051276",3.40477751867489,102,"negative regulation of chromosome organization","chromosome organization",0.819187165775401,0.370538461538461,0.814
"GO:0072330",15,"GO:0044281",3.39965257981608,226,"monocarboxylic acid biosynthetic process","small molecule metabolic process",0.906735294117647,0.242904761904762,0.715
"GO:0045595",24,"GO:0050793",3.32953376152809,1759,"regulation of cell differentiation","regulation of developmental process",0.879513368983957,0.304846153846154,0.894
"GO:1902850",18,"GO:0000226",3.32165852398985,164,"microtubule cytoskeleton organization involved in mitosis","microtubule cytoskeleton organization",0.757098930481283,0.314222222222222,0.834
"GO:0051302",8,"GO:0051301",3.32165852398985,186,"regulation of cell division","cell division",0.933564171122995,0.226888888888889,0.9
"GO:0033044",4,"GO:0051276",3.28436709027621,257,"regulation of chromosome organization","chromosome organization",0.829935828877005,0.329153846153846,0.891
"GO:0051225",18,"GO:0000226",3.25740963661696,135,"spindle assembly","microtubule cytoskeleton organization",0.752371657754011,0.246055555555556,0.81
"GO:0030097",19,"GO:0030154",3.21808521071625,1119,"hemopoiesis","cell differentiation",0.927550802139037,0.358333333333333,0.696
"GO:0006271",9,"GO:0006261",3.20757709185287,13,"DNA strand elongation involved in DNA replication","DNA-templated DNA replication",0.928647058823529,0.38036,0.811
"GO:0051256",18,"GO:0000226",3.20757709185287,9,"mitotic spindle midzone assembly","microtubule cytoskeleton organization",0.763818181818182,0.288111111111111,0.658
"GO:0009628",27,"GO:0009628",3.20541527457811,1345,"response to abiotic stimulus","response to abiotic stimulus",0.959697860962567,0.44925,0
"GO:0019953",14,"GO:0051321",3.20541527457811,1229,"sexual reproduction","meiotic cell cycle",0.968601604278075,0.2673,0.866
"GO:0090329",9,"GO:0006261",3.17584467927542,43,"regulation of DNA-templated DNA replication","DNA-templated DNA replication",0.894211229946524,0.33884,0.883
"GO:0048519",28,"GO:0048519",3.16382579601911,5908,"negative regulation of biological process","negative regulation of biological process",0.910716577540107,0.565,0
"GO:0010639",6,"GO:0000280",3.13276236749716,393,"negative regulation of organelle organization","nuclear division",0.827521390374332,0.395529411764706,0.512
"GO:0048523",28,"GO:0048519",3.10845312127263,5402,"negative regulation of cellular process","negative regulation of biological process",0.886510695187166,0.565,0.87
"GO:0044771",3,"GO:0022402",3.10845312127263,16,"meiotic cell cycle phase transition","cell cycle process",0.817973262032086,0.433685714285714,0.597
"GO:0051231",18,"GO:0000226",3.10845312127263,12,"spindle elongation","microtubule cytoskeleton organization",0.787355614973262,0.334666666666667,0.671
"GO:0051255",18,"GO:0000226",3.10845312127263,12,"spindle midzone assembly","microtubule cytoskeleton organization",0.788596256684492,0.334333333333333,0.671
"GO:0048522",5,"GO:0065007",3.00899420893943,6145,"positive regulation of cellular process","biological regulation",0.901133689839572,0.6026,0.345
"GO:0034508",29,"GO:0034508",3.00899420893943,27,"centromere complex assembly","centromere complex assembly",0.886005347593583,0.5555,0
"GO:0019369",15,"GO:0044281",3.00899420893943,83,"arachidonate metabolic process","small molecule metabolic process",0.902847593582888,0.289619047619048,0.631
"GO:1903504",3,"GO:0022402",2.93815411041061,26,"regulation of mitotic spindle checkpoint","cell cycle process",0.740906417112299,0.284171428571429,0.632
"GO:0090266",3,"GO:0022402",2.93815411041061,26,"regulation of mitotic cell cycle spindle assembly checkpoint","cell cycle process",0.66979679144385,0.189442857142857,0.632
"GO:1901700",22,"GO:0070887",2.92240954119452,2065,"response to oxygen-containing compound","cellular response to chemical stimulus",0.949096256684492,0.374,0.704
"GO:0003008",30,"GO:0003008",2.88353101454257,3264,"system process","system process",0.960393048128342,0.416,0
"GO:1905820",3,"GO:0022402",2.85221364205098,30,"positive regulation of chromosome separation","cell cycle process",0.771909090909091,0.300714285714286,0.626
"GO:1901978",3,"GO:0022402",2.83473533028098,17,"positive regulation of cell cycle checkpoint","cell cycle process",0.750941176470588,0.3297,0.608
"GO:0023051",10,"GO:0023052",2.79413511814956,3848,"regulation of signaling","signaling",0.930368983957219,0.414142857142857,0.736
"GO:0000022",18,"GO:0000226",2.78359055620584,10,"mitotic spindle elongation","microtubule cytoskeleton organization",0.764836898395722,0.319611111111111,0.663
"GO:0090232",3,"GO:0022402",2.77442690229114,13,"positive regulation of spindle checkpoint","cell cycle process",0.753200534759358,0.329257142857143,0.595
"GO:0006633",15,"GO:0044281",2.77442690229114,164,"fatty acid biosynthetic process","small molecule metabolic process",0.894561497326203,0.240238095238095,0.695
"GO:0090231",3,"GO:0022402",2.70892544180974,29,"regulation of spindle checkpoint","cell cycle process",0.745585561497326,0.295028571428571,0.636
"GO:0007080",16,"GO:0051310",2.68222725085447,63,"mitotic metaphase chromosome alignment","metaphase chromosome alignment",0.73020320855615,0.206428571428571,0.959
"GO:0032465",8,"GO:0051301",2.67883422852517,90,"regulation of cytokinesis","cell division",0.774919786096257,0.200555555555556,0.859
"GO:0061351",12,"GO:0008283",2.67512924402684,230,"neural precursor cell proliferation","cell population proliferation",0.963427807486631,0.444642857142857,0.708
"GO:0000910",8,"GO:0051301",2.66496628640758,186,"cytokinesis","cell division",0.800489304812834,0.227,0.917
"GO:0022414",14,"GO:0051321",2.64402817182921,1854,"reproductive process","meiotic cell cycle",0.970949197860963,0.3169,0.801
"GO:0031023",18,"GO:0000226",2.60102966378939,153,"microtubule organizing center organization","microtubule cytoskeleton organization",0.888478609625668,0.347777777777778,0.846
"GO:0009653",24,"GO:0050793",2.60056022288358,2965,"anatomical structure morphogenesis","regulation of developmental process",0.948005347593583,0.597846153846154,0.464
"GO:0051179",31,"GO:0051179",2.60056022288358,5499,"localization","localization",0.982868983957219,0.52,0
"GO:0048584",2,"GO:0050896",2.58364919379188,2522,"positive regulation of response to stimulus","response to stimulus",0.898965240641711,0.56675,0.467
"GO:0001676",15,"GO:0044281",2.58142581980564,137,"long-chain fatty acid metabolic process","small molecule metabolic process",0.899922459893048,0.302666666666667,0.681
"GO:0006665",17,"GO:0006629",2.57445667521604,151,"sphingolipid metabolic process","lipid metabolic process",0.922433155080214,0.364125,0.746
"GO:0008152",21,"GO:0006793",2.55064852821252,11667,"metabolic process","phosphorus metabolic process",0.941895721925134,0.676333333333333,0.423
"GO:0008610",17,"GO:0006629",2.55064852821252,715,"lipid biosynthetic process","lipid metabolic process",0.932227272727273,0.40625,0.863
"GO:0016053",15,"GO:0044281",2.53079306223341,332,"organic acid biosynthetic process","small molecule metabolic process",0.905248663101604,0.248619047619048,0.747
"GO:0010646",11,"GO:0007154",2.51716000125565,3850,"regulation of cell communication","cell communication",0.908093582887701,0.633,0.734
"GO:0051984",3,"GO:0022402",2.4853767030427,31,"positive regulation of chromosome segregation","cell cycle process",0.771125668449198,0.306014285714286,0.64
"GO:1901701",22,"GO:0070887",2.46358814040969,1482,"cellular response to oxygen-containing compound","cellular response to chemical stimulus",0.923692513368984,0.339,0.878
"GO:0051094",24,"GO:0050793",2.42756660600798,1566,"positive regulation of developmental process","regulation of developmental process",0.893377005347594,0.353153846153846,0.874
"GO:0045444",19,"GO:0030154",2.4177003900763,274,"fat cell differentiation","cell differentiation",0.943895721925134,0.522444444444444,0.553
"GO:0060284",24,"GO:0050793",2.40915683178842,980,"regulation of cell development","regulation of developmental process",0.885187165775401,0.329461538461538,0.809
"GO:0046394",15,"GO:0044281",2.3905315212817,328,"carboxylic acid biosynthetic process","small molecule metabolic process",0.905168449197861,0.247,0.747
"GO:0007626",32,"GO:0007626",2.34458459400031,292,"locomotory behavior","locomotory behavior",0.975010695187166,1,0
"GO:0044248",33,"GO:0044248",2.3183378814457,1097,"cellular catabolic process","cellular catabolic process",0.929072192513369,0.41575,0
"GO:0007399",7,"GO:0032501",2.30666830419402,2753,"nervous system development","multicellular organismal process",0.926377005347594,0.536285714285714,0.551
"GO:0007186",10,"GO:0023052",2.30065761550705,2035,"G protein-coupled receptor signaling pathway","signaling",0.891366310160428,0.506714285714286,0.602
"GO:1901989",3,"GO:0022402",2.29726461867112,123,"positive regulation of cell cycle phase transition","cell cycle process",0.762288770053476,0.274242857142857,0.718
"GO:0009719",34,"GO:0009719",2.2827061822785,1671,"response to endogenous stimulus","response to endogenous stimulus",0.955831550802139,0.377333333333333,0
"GO:0002573",19,"GO:0030154",2.27463381669482,292,"myeloid leukocyte differentiation","cell differentiation",0.936890374331551,0.413666666666667,0.571
"GO:0007098",18,"GO:0000226",2.23985383305728,139,"centrosome cycle","microtubule cytoskeleton organization",0.770475935828877,0.353333333333333,0.837
"GO:0008315",3,"GO:0022402",2.23063689804824,7,"G2/MI transition of meiotic cell cycle","cell cycle process",0.825459893048128,0.4533,0.555
"GO:0006935",35,"GO:0006935",2.23063689804824,481,"chemotaxis","chemotaxis",0.947336898395722,0.219666666666667,0
"GO:0042330",35,"GO:0006935",2.23063689804824,483,"taxis","chemotaxis",0.954486631016043,0.2195,0.995
"GO:0009888",36,"GO:0009888",2.22378265901669,2267,"tissue development","tissue development",0.949545454545455,0.470166666666667,0
"GO:0050900",37,"GO:0050900",2.20888559013152,409,"leukocyte migration","leukocyte migration",0.954727272727273,0.3535,0
"GO:0009966",10,"GO:0023052",2.18483968064663,3221,"regulation of signal transduction","signaling",0.871224598930481,0.399285714285714,0.705
"GO:0000281",8,"GO:0051301",2.18483968064663,89,"mitotic cytokinesis","cell division",0.799398395721925,0.257666666666667,0.857
"GO:0007155",38,"GO:0007155",2.17475596210872,1531,"cell adhesion","cell adhesion",0.97701871657754,0.548,0
"GO:0051383",4,"GO:0051276",2.17124169511208,20,"kinetochore organization","chromosome organization",0.893804812834225,0.455538461538462,0.707
"GO:0051988",16,"GO:0051310",2.17124169511208,22,"regulation of attachment of spindle microtubules to kinetochore","metaphase chromosome alignment",0.777941176470588,0.238857142857143,0.887
"GO:0032869",22,"GO:0070887",2.16609183217024,242,"cellular response to insulin stimulus","cellular response to chemical stimulus",0.930077540106952,0.358,0.711
"GO:0090267",3,"GO:0022402",2.15457971717147,12,"positive regulation of mitotic cell cycle spindle assembly checkpoint","cell cycle process",0.679109625668449,0.218957142857143,0.593
"GO:0007062",4,"GO:0051276",2.13631838620814,58,"sister chromatid cohesion","chromosome organization",0.778283422459893,0.388076923076923,0.781
"GO:0051093",24,"GO:0050793",2.13578764674004,1057,"negative regulation of developmental process","regulation of developmental process",0.883505347593583,0.359461538461538,0.817
"GO:0006954",20,"GO:0006281",2.09284174282259,887,"inflammatory response","DNA repair",0.955885026737968,0.509333333333333,0.537
"GO:0007057",18,"GO:0000226",2.07456216983525,5,"spindle assembly involved in female meiosis I","microtubule cytoskeleton organization",0.781735294117647,0.358,0.622
"GO:0006468",21,"GO:0006793",2.06964071025451,1433,"protein phosphorylation","phosphorus metabolic process",0.920997326203209,0.3565,0.871
"GO:0048870",37,"GO:0050900",2.02176407181304,1952,"cell motility","leukocyte migration",0.966780748663102,0.3655,0.816
"GO:0032944",12,"GO:0008283",2.02176407181304,264,"regulation of mononuclear cell proliferation","cell population proliferation",0.921497326203209,0.201714285714286,0.731
"GO:1901135",39,"GO:1901135",2.01590747633477,1000,"carbohydrate derivative metabolic process","carbohydrate derivative metabolic process",0.957013368983957,1,0
"GO:0042759",15,"GO:0044281",1.98373705283364,27,"long-chain fatty acid biosynthetic process","small molecule metabolic process",0.908855614973262,0.33052380952381,0.572
"GO:0007292",14,"GO:0051321",1.97680525559881,190,"female gamete generation","meiotic cell cycle",0.971024064171123,0.3515,0.709
"GO:1901568",17,"GO:0006629",1.97098619638839,54,"fatty acid derivative metabolic process","lipid metabolic process",0.94896256684492,0.515625,0.65
"GO:0006284",20,"GO:0006281",1.97098619638839,43,"base-excision repair","DNA repair",0.887385026737968,0.487777777777778,0.758
"GO:1901992",3,"GO:0022402",1.97098619638839,102,"positive regulation of mitotic cell cycle phase transition","cell cycle process",0.758441176470588,0.264757142857143,0.704
"GO:0007166",10,"GO:0023052",1.97061010270088,2880,"cell surface receptor signaling pathway","signaling",0.880395721925134,0.449428571428571,0.694
"GO:0000725",9,"GO:0006261",1.96435857285428,183,"recombinational repair","DNA-templated DNA replication",0.871147058823529,0.4012,0.636
"GO:0070661",12,"GO:0008283",1.96435857285428,378,"leukocyte proliferation","cell population proliferation",0.953529411764706,0.210142857142857,0.768
"GO:0051241",7,"GO:0032501",1.95822652457123,1259,"negative regulation of multicellular organismal process","multicellular organismal process",0.890122994652406,0.563142857142857,0.436
"GO:0070663",12,"GO:0008283",1.94800012664044,286,"regulation of leukocyte proliferation","cell population proliferation",0.92118449197861,0.201785714285714,0.738
"GO:0051129",6,"GO:0000280",1.94595684561503,796,"negative regulation of cellular component organization","nuclear division",0.842339572192513,0.461823529411765,0.386
"GO:0048514",13,"GO:0048856",1.92566303441776,698,"blood vessel morphogenesis","anatomical structure development",0.931513368983957,0.382307692307692,0.476
"GO:0002521",19,"GO:0030154",1.92566303441776,713,"leukocyte differentiation","cell differentiation",0.930561497326203,0.376,0.652
"GO:0048646",24,"GO:0050793",1.91984164136475,1319,"anatomical structure formation involved in morphogenesis","regulation of developmental process",0.953764705882353,0.645,0.39
"GO:0032943",12,"GO:0008283",1.9145148141573,343,"mononuclear cell proliferation","cell population proliferation",0.95368449197861,0.210357142857143,0.76
"GO:0001525",13,"GO:0048856",1.90836187801148,587,"angiogenesis","anatomical structure development",0.932374331550802,0.392846153846154,0.46
"GO:0051781",8,"GO:0051301",1.90392893489838,92,"positive regulation of cell division","cell division",0.925598930481283,0.253333333333333,0.842
"GO:0050670",12,"GO:0008283",1.90392893489838,259,"regulation of lymphocyte proliferation","cell population proliferation",0.875874331550802,0.202571428571429,0.73
"GO:0071459",40,"GO:0071459",1.89825199688529,25,"protein localization to chromosome, centromeric region","protein localization to chromosome, centromeric region",0.96901871657754,0.3315,0
"GO:1990845",41,"GO:1990845",1.88531640967033,175,"adaptive thermogenesis","adaptive thermogenesis",0.967205882352941,1,0
"GO:0044774",3,"GO:0022402",1.88349029980908,88,"mitotic DNA integrity checkpoint signaling","cell cycle process",0.725374331550802,0.246671428571429,0.707
"GO:0051249",42,"GO:0051249",1.87079262698743,535,"regulation of lymphocyte activation","regulation of lymphocyte activation",0.890614973262032,0.224333333333333,0
"GO:0001944",13,"GO:0048856",1.86960438026787,845,"vasculature development","anatomical structure development",0.93270320855615,0.413153846153846,0.499
"GO:0046651",12,"GO:0008283",1.86960438026787,336,"lymphocyte proliferation","cell population proliferation",0.912334224598931,0.211357142857143,0.758
"GO:0032467",8,"GO:0051301",1.83470101907763,46,"positive regulation of cytokinesis","cell division",0.775160427807487,0.223888888888889,0.81
"GO:0071495",34,"GO:0009719",1.83363253314592,1328,"cellular response to endogenous stimulus","response to endogenous stimulus",0.956729946524064,0.385,0.956
"GO:0090307",18,"GO:0000226",1.83110319329021,77,"mitotic spindle assembly","microtubule cytoskeleton organization",0.73179679144385,0.247333333333333,0.772
"GO:0051177",4,"GO:0051276",1.82087428582429,13,"meiotic sister chromatid cohesion","chromosome organization",0.801540106951872,0.443307692307692,0.687
"GO:1905821",4,"GO:0051276",1.82087428582429,8,"positive regulation of chromosome condensation","chromosome organization",0.86018449197861,0.421076923076923,0.647
"GO:2000104",9,"GO:0006261",1.82087428582429,8,"negative regulation of DNA-templated DNA replication","DNA-templated DNA replication",0.885414438502674,0.40452,0.781
"GO:0006302",20,"GO:0006281",1.82087428582429,312,"double-strand break repair","DNA repair",0.866243315508021,0.398444444444444,0.914
"GO:0030501",36,"GO:0009888",1.80360689950719,49,"positive regulation of bone mineralization","tissue development",0.897096256684492,0.278166666666667,0.592
"GO:0006643",17,"GO:0006629",1.79312579296132,199,"membrane lipid metabolic process","lipid metabolic process",0.921173796791444,0.359125,0.762
"GO:0044773",3,"GO:0022402",1.78931478540265,84,"mitotic DNA damage checkpoint signaling","cell cycle process",0.716770053475936,0.2525,0.7
"GO:0061640",8,"GO:0051301",1.78169057215765,116,"cytoskeleton-dependent cytokinesis","cell division",0.808029411764706,0.244222222222222,0.877
"GO:1901615",43,"GO:1901615",1.76273453894856,581,"organic hydroxy compound metabolic process","organic hydroxy compound metabolic process",0.959652406417112,0.562,0
"GO:0006672",17,"GO:0006629",1.75143289433655,105,"ceramide metabolic process","lipid metabolic process",0.924181818181818,0.39,0.702
"GO:0009314",27,"GO:0009628",1.75074202285522,474,"response to radiation","response to abiotic stimulus",0.962542780748663,0.4,0.888
"GO:0001568",13,"GO:0048856",1.74367754683241,809,"blood vessel development","anatomical structure development",0.933310160427807,0.414230769230769,0.49
"GO:0032868",22,"GO:0070887",1.74367754683241,308,"response to insulin","cellular response to chemical stimulus",0.952705882352941,0.395,0.549
"GO:0060326",35,"GO:0006935",1.74367754683241,337,"cell chemotaxis","chemotaxis",0.917580213903743,0.230166666666667,0.96
"GO:0032946",12,"GO:0008283",1.74367754683241,159,"positive regulation of mononuclear cell proliferation","cell population proliferation",0.912489304812834,0.212714285714286,0.696
"GO:0036297",20,"GO:0006281",1.73342923205018,37,"interstrand cross-link repair","DNA repair",0.890957219251337,0.503777777777778,0.731
"GO:0007143",14,"GO:0051321",1.73342923205018,48,"female meiotic nuclear division","meiotic cell cycle",0.777288770053476,0.281,0.819
"GO:0006167",44,"GO:0006167",1.71159587478451,15,"AMP biosynthetic process","AMP biosynthetic process",0.913852941176471,0.639,0
"GO:0030099",19,"GO:0030154",1.71159587478451,513,"myeloid cell differentiation","cell differentiation",0.933422459893048,0.391111111111111,0.617
"GO:1903083",40,"GO:0071459",1.71159587478451,16,"protein localization to condensed chromosome","protein localization to chromosome, centromeric region",0.969585561497326,0.3315,0.797
"GO:0034501",40,"GO:0071459",1.71159587478451,16,"protein localization to kinetochore","protein localization to chromosome, centromeric region",0.969098930481283,0.286,0.979
"GO:0035295",13,"GO:0048856",1.70910058539254,1272,"tube development","anatomical structure development",0.933737967914439,0.499692307692308,0.536
"GO:0045598",19,"GO:0030154",1.70885007991906,151,"regulation of fat cell differentiation","cell differentiation",0.907735294117647,0.546222222222222,0.513
"GO:0003013",30,"GO:0003008",1.70885007991906,592,"circulatory system process","system process",0.965171122994652,0.4255,0.798
"GO:0033043",6,"GO:0000280",1.70885007991906,1241,"regulation of organelle organization","nuclear division",0.836192513368984,0.363235294117647,0.582
"GO:0044282",33,"GO:0044248",1.70885007991906,376,"small molecule catabolic process","cellular catabolic process",0.928096256684492,0.35325,0.659
"GO:0002685",37,"GO:0050900",1.70866076920217,257,"regulation of leukocyte migration","leukocyte migration",0.914299465240642,0.38175,0.936
"GO:0070169",36,"GO:0009888",1.70712890427698,59,"positive regulation of biomineral tissue development","tissue development",0.896024064171123,0.277166666666667,0.604
"GO:0070167",36,"GO:0009888",1.70427076569208,109,"regulation of biomineral tissue development","tissue development",0.90131550802139,0.264666666666667,0.64
"GO:0046649",42,"GO:0051249",1.70426833582047,917,"lymphocyte activation","regulation of lymphocyte activation",0.929641711229947,0.234666666666667,0.92
"GO:0046395",33,"GO:0044248",1.70152631331732,249,"carboxylic acid catabolic process","cellular catabolic process",0.906676470588235,0.3,0.839
"GO:0016054",33,"GO:0044248",1.70152631331732,249,"organic acid catabolic process","cellular catabolic process",0.906844919786096,0.3,0.839
"GO:0050877",30,"GO:0003008",1.69965003716864,2494,"nervous system process","system process",0.962545454545455,0.437666666666667,0.901
"GO:0016477",37,"GO:0050900",1.68734269932964,1661,"cell migration","leukocyte migration",0.966812834224599,0.35675,0.834
"GO:0002694",42,"GO:0051249",1.67030330314688,614,"regulation of leukocyte activation","regulation of lymphocyte activation",0.889850267379679,0.230666666666667,0.983
"GO:0032635",45,"GO:0032635",1.66787906954858,182,"interleukin-6 production","interleukin-6 production",0.91568449197861,0.5065,0
"GO:0032675",45,"GO:0032635",1.66787906954858,173,"regulation of interleukin-6 production","interleukin-6 production",0.877114973262032,0.5065,0.987
"GO:0007389",13,"GO:0048856",1.64967319860062,502,"pattern specification process","anatomical structure development",0.943868983957219,0.643615384615385,0.46
"GO:0045597",24,"GO:0050793",1.64860896403681,1028,"positive regulation of cell differentiation","regulation of developmental process",0.8735,0.337923076923077,0.818
"GO:0007019",18,"GO:0000226",1.61806014765548,64,"microtubule depolymerization","microtubule cytoskeleton organization",0.89683422459893,0.413888888888889,0.759
"GO:0031214",36,"GO:0009888",1.61397481340967,191,"biomineral tissue development","tissue development",0.95701871657754,0.266333333333333,0.684
"GO:0050671",12,"GO:0008283",1.61397481340967,156,"positive regulation of lymphocyte proliferation","cell population proliferation",0.869735294117647,0.2135,0.695
"GO:0040011",35,"GO:0006935",1.60214666582677,1354,"locomotion","chemotaxis",0.986532085561497,0.295833333333333,0.879
"GO:0019370",15,"GO:0044281",1.59915800551882,13,"leukotriene biosynthetic process","small molecule metabolic process",0.92318449197861,0.366666666666667,0.555
"GO:0051128",6,"GO:0000280",1.59333128459476,2714,"regulation of cellular component organization","nuclear division",0.850831550802139,0.425352941176471,0.455
"GO:0002523",20,"GO:0006281",1.56006623520942,29,"leukocyte migration involved in inflammatory response","DNA repair",0.935422459893048,0.625222222222222,0.387
"GO:0065004",29,"GO:0034508",1.55366931861441,172,"protein-DNA complex assembly","centromere complex assembly",0.919344919786096,0.5555,0.889
"GO:0022607",6,"GO:0000280",1.55288486045319,3144,"cellular component assembly","nuclear division",0.897657754010695,0.539588235294118,0.458
"GO:0097018",30,"GO:0003008",1.55288486045319,8,"renal albumin absorption","system process",0.975449197860963,0.523666666666667,0.499
"GO:1902292",9,"GO:0006261",1.55288486045319,5,"cell cycle DNA replication initiation","DNA-templated DNA replication",0.796959893048128,0.35504,0.749
"GO:1902315",9,"GO:0006261",1.55288486045319,5,"nuclear cell cycle DNA replication initiation","DNA-templated DNA replication",0.796855614973262,0.35348,0.749
"GO:1902975",9,"GO:0006261",1.55288486045319,5,"mitotic DNA replication initiation","DNA-templated DNA replication",0.786529411764706,0.3494,0.749
"GO:0051234",31,"GO:0051179",1.53581626212169,4819,"establishment of localization","localization",0.982291443850267,0.5025,0.866
"GO:0007076",4,"GO:0051276",1.53581626212169,16,"mitotic chromosome condensation","chromosome organization",0.765631016042781,0.406615384615385,0.701
"GO:1901970",3,"GO:0022402",1.53581626212169,20,"positive regulation of mitotic sister chromatid separation","cell cycle process",0.730374331550802,0.303185714285714,0.61
"GO:0006636",15,"GO:0044281",1.53435668468319,53,"unsaturated fatty acid biosynthetic process","small molecule metabolic process",0.903959893048128,0.29552380952381,0.61
"GO:0045931",3,"GO:0022402",1.52578608772024,138,"positive regulation of mitotic cell cycle","cell cycle process",0.768997326203209,0.316842857142857,0.681
"GO:0097017",30,"GO:0003008",1.52368853219567,12,"renal protein absorption","system process",0.974909090909091,0.515666666666667,0.512
"GO:0019372",15,"GO:0044281",1.52368853219567,11,"lipoxygenase pathway","small molecule metabolic process",0.915409090909091,0.399571428571429,0.546
"GO:0007056",18,"GO:0000226",1.52368853219567,12,"spindle assembly involved in female meiosis","microtubule cytoskeleton organization",0.771419786096257,0.328944444444444,0.658
"GO:0030155",38,"GO:0007155",1.51764955942218,840,"regulation of cell adhesion","cell adhesion",0.939799465240642,0.548,0.904
"GO:0006915",46,"GO:0006915",1.51764955942218,2096,"apoptotic process","apoptotic process",0.969085561497326,0.276,0
"GO:0008015",30,"GO:0003008",1.51576839815885,561,"blood circulation","system process",0.965299465240642,0.427166666666667,0.794
"GO:0009063",47,"GO:0009063",1.48860303853206,107,"amino acid catabolic process","amino acid catabolic process",0.953505347593583,0.5595,0
"GO:0006811",31,"GO:0051179",1.48356550388707,1286,"monoatomic ion transport","localization",0.984689839572192,0.56875,0.647
"GO:0055086",15,"GO:0044281",1.47862414814779,690,"nucleobase-containing small molecule metabolic process","small molecule metabolic process",0.910673796791444,0.367285714285714,0.832
"GO:0031570",3,"GO:0022402",1.47862414814779,140,"DNA integrity checkpoint signaling","cell cycle process",0.721312834224599,0.2357,0.743
"GO:0009725",34,"GO:0009719",1.47631014772105,1030,"response to hormone","response to endogenous stimulus",0.94951871657754,0.399666666666667,0.912
"GO:1901699",22,"GO:0070887",1.47631014772105,726,"cellular response to nitrogen compound","cellular response to chemical stimulus",0.928989304812834,0.384125,0.804
"GO:0043069",46,"GO:0006915",1.46462779506518,1061,"negative regulation of programmed cell death","apoptotic process",0.902628342245989,0.2958,0.841
"GO:0016042",17,"GO:0006629",1.45308458195814,348,"lipid catabolic process","lipid metabolic process",0.935446524064171,0.442875,0.786
"GO:0001889",13,"GO:0048856",1.44232152144382,187,"liver development","anatomical structure development",0.946724598930481,0.602769230769231,0.375
"GO:0046339",17,"GO:0006629",1.4415794503152,33,"diacylglycerol metabolic process","lipid metabolic process",0.935021390374332,0.516125,0.616
"GO:0065008",48,"GO:0065008",1.43854447382054,3391,"regulation of biological quality","regulation of biological quality",0.957548128342246,0.689,0
"GO:1901342",13,"GO:0048856",1.4364496482084,326,"regulation of vasculature development","anatomical structure development",0.892612299465241,0.461461538461538,0.416
"GO:0030282",36,"GO:0009888",1.4364496482084,143,"bone mineralization","tissue development",0.945264705882353,0.273833333333333,0.659
"GO:0072521",44,"GO:0006167",1.43480664187724,600,"purine-containing compound metabolic process","AMP biosynthetic process",0.959427807486631,0.639,0.722
"GO:0043066",46,"GO:0006915",1.43480664187724,1027,"negative regulation of apoptotic process","apoptotic process",0.903021390374332,0.2952,0.853
"GO:0031032",6,"GO:0000280",1.42347080466246,225,"actomyosin structure organization","nuclear division",0.895719251336898,0.555882352941176,0.485
"GO:0045765",13,"GO:0048856",1.41991234052424,319,"regulation of angiogenesis","anatomical structure development",0.889053475935829,0.415846153846154,0.414
"GO:0051960",24,"GO:0050793",1.41897477568218,593,"regulation of nervous system development","regulation of developmental process",0.891302139037433,0.406615384615385,0.76
"GO:0042110",42,"GO:0051249",1.4142709598657,661,"T cell activation","regulation of lymphocyte activation",0.932596256684492,0.262333333333333,0.88
"GO:0070665",12,"GO:0008283",1.41384184230896,175,"positive regulation of leukocyte proliferation","cell population proliferation",0.911973262032086,0.212214285714286,0.703
"GO:0007204",48,"GO:0065008",1.40221916201164,200,"positive regulation of cytosolic calcium ion concentration","regulation of biological quality",0.969502673796791,0.689,0.622
"GO:0071493",27,"GO:0009628",1.40221916201164,13,"cellular response to UV-B","response to abiotic stimulus",0.952366310160428,0.407,0.648
"GO:0010224",27,"GO:0009628",1.40221916201164,22,"response to UV-B","response to abiotic stimulus",0.969901069518717,0.39725,0.667
"GO:0090306",18,"GO:0000226",1.40221916201164,16,"meiotic spindle assembly","microtubule cytoskeleton organization",0.769705882352941,0.321944444444444,0.668
"GO:0042908",31,"GO:0051179",1.39905004581704,44,"xenobiotic transport","localization",0.988572192513369,0.69125,0.407
"GO:0098754",22,"GO:0070887",1.39755611657785,125,"detoxification","cellular response to chemical stimulus",0.963548128342246,0.59825,0.496
"GO:1901605",47,"GO:0009063",1.38584969806869,216,"alpha-amino acid metabolic process","amino acid catabolic process",0.905390374331551,0.5595,0.881
"GO:0000724",9,"GO:0006261",1.38584969806869,178,"double-strand break repair via homologous recombination","DNA-templated DNA replication",0.871053475935829,0.40228,0.635
"GO:0050920",35,"GO:0006935",1.38584969806869,235,"regulation of chemotaxis","chemotaxis",0.916919786096257,0.268666666666667,0.917
"GO:0030595",35,"GO:0006935",1.38584969806869,243,"leukocyte chemotaxis","chemotaxis",0.905951871657754,0.2485,0.931
"GO:0051782",8,"GO:0051301",1.38539799848003,16,"negative regulation of cell division","cell division",0.922991978609626,0.337111111111111,0.74
"GO:0050865",42,"GO:0051249",1.38539799848003,670,"regulation of cell activation","regulation of lymphocyte activation",0.897080213903743,0.24,0.974
"GO:0019637",21,"GO:0006793",1.3693342671754,1065,"organophosphate metabolic process","phosphorus metabolic process",0.927229946524064,0.392666666666667,0.857
"GO:1902105",24,"GO:0050793",1.36168353475019,372,"regulation of leukocyte differentiation","regulation of developmental process",0.859208556149733,0.365307692307692,0.721
"GO:0005975",50,"GO:0005975",1.36024304630079,594,"carbohydrate metabolic process","carbohydrate metabolic process",0.954596256684492,1,0
"GO:0038178",49,"GO:0038178",1.36024304630079,1,"complement component C5a signaling pathway","complement component C5a signaling pathway",0.917326203208556,0.7035,0
"GO:0006272",9,"GO:0006261",1.36024304630079,4,"leading strand elongation","DNA-templated DNA replication",0.933762032085562,0.42124,0.749
"GO:0071163",9,"GO:0006261",1.36024304630079,3,"DNA replication preinitiation complex assembly","DNA-templated DNA replication",0.774826203208556,0.37832,0.749
"GO:0001578",18,"GO:0000226",1.36024304630079,149,"microtubule bundle formation","microtubule cytoskeleton organization",0.891029411764706,0.371833333333333,0.83
"GO:0008219",46,"GO:0006915",1.36024304630079,2169,"cell death","apoptotic process",0.968930481283422,0.2752,0.963
"GO:0012501",46,"GO:0006915",1.36024304630079,2168,"programmed cell death","apoptotic process",0.968927807486631,0.275,0.963
"GO:0045321",42,"GO:0051249",1.36024304630079,1109,"leukocyte activation","regulation of lymphocyte activation",0.928804812834225,0.236333333333333,0.897
"GO:0045596",24,"GO:0050793",1.35660987926285,755,"negative regulation of cell differentiation","regulation of developmental process",0.863395721925134,0.338538461538462,0.781
"GO:0061008",13,"GO:0048856",1.33420994837382,190,"hepaticobiliary system development","anatomical structure development",0.94874064171123,0.618384615384615,0.376
"GO:0050673",12,"GO:0008283",1.33052607892182,520,"epithelial cell proliferation","cell population proliferation",0.96001871657754,0.394285714285714,0.791
"GO:0010721",24,"GO:0050793",1.31622566623974,314,"negative regulation of cell development","regulation of developmental process",0.87183422459893,0.369076923076923,0.699
"GO:1902652",43,"GO:1901615",1.30736653613675,172,"secondary alcohol metabolic process","organic hydroxy compound metabolic process",0.936732620320856,0.562,0.876
"GO:0006753",15,"GO:0044281",1.30736653613675,666,"nucleoside phosphate metabolic process","small molecule metabolic process",0.88781550802139,0.374714285714286,0.819
"GO:0034502",40,"GO:0071459",1.30736653613675,123,"protein localization to chromosome","protein localization to chromosome, centromeric region",0.966093582887701,0.337,0.898
"GO:0050858",49,"GO:0038178",1.3024250241856,33,"negative regulation of antigen receptor-mediated signaling pathway","complement component C5a signaling pathway",0.881914438502674,0.7035,0.593
