"go","cluster","parent","score","size","term","parentTerm","termUniqueness","termUniquenessWithinCluster","termDispensability"
"GO:0050896",1,"GO:0050896",30.7271813569642,10589,"response to stimulus","response to stimulus",0.945863782051282,0.5735,0
"GO:0009987",2,"GO:0009987",30.1789103593713,17654,"cellular process","cellular process",0.974235576923077,1,0
"GO:0065007",3,"GO:0065007",28.9933709771693,13267,"biological regulation","biological regulation",0.93695032051282,0.64,0
"GO:0032501",4,"GO:0032501",27.0746992959247,8756,"multicellular organismal process","multicellular organismal process",0.905115384615385,0.6878,0
"GO:0051716",1,"GO:0050896",25.989233169656,8443,"cellular response to stimulus","response to stimulus",0.922766025641026,0.599666666666667,0.675
"GO:0050789",3,"GO:0065007",25.0341499554535,12842,"regulation of biological process","biological regulation",0.931099358974359,0.6182,0.565
"GO:0007154",5,"GO:0007154",24.0798975061672,7407,"cell communication","cell communication",0.94863141025641,0.504875,0
"GO:0023052",6,"GO:0023052",23.8794595171022,7371,"signaling","signaling",0.918573717948718,0.429818181818182,0
"GO:0050794",3,"GO:0065007",22.3855338715144,12182,"regulation of cellular process","biological regulation",0.909774038461538,0.6156,0.521
"GO:0007165",6,"GO:0023052",20.9581142524293,6749,"signal transduction","signaling",0.864278846153846,0.408545454545455,0.85
"GO:0032502",7,"GO:0032502",18.5613234415922,7078,"developmental process","developmental process",0.906358974358974,0.496466666666667,0
"GO:0048856",7,"GO:0032502",17.0911350188473,6568,"anatomical structure development","developmental process",0.901512820512821,0.470466666666667,0.815
"GO:0051239",8,"GO:0051239",16.302514678595,3326,"regulation of multicellular organismal process","regulation of multicellular organismal process",0.851751602564103,0.403888888888889,0
"GO:0048869",9,"GO:0048869",14.8074000098184,4942,"cellular developmental process","cellular developmental process",0.880863782051282,0.441272727272727,0
"GO:0030154",9,"GO:0048869",14.8074000098184,4941,"cell differentiation","cellular developmental process",0.880854166666667,0.441181818181818,0.931
"GO:0007275",7,"GO:0032502",12.8525207338557,5193,"multicellular organism development","developmental process",0.851426282051282,0.422466666666667,0.756
"GO:0048731",7,"GO:0032502",12.032927384619,4393,"system development","developmental process",0.850892628205128,0.3954,0.717
"GO:0008283",10,"GO:0008283",11.9193637941922,2170,"cell population proliferation","cell population proliferation",0.957121794871795,0.313875,0
"GO:0009653",11,"GO:0009653",11.8446979037884,2965,"anatomical structure morphogenesis","anatomical structure morphogenesis",0.901711538461539,0.434333333333333,0
"GO:0051240",8,"GO:0051239",9.51560742724571,1936,"positive regulation of multicellular organismal process","regulation of multicellular organismal process",0.843399038461538,0.440333333333333,0.855
"GO:0042127",10,"GO:0008283",8.98216322722879,1789,"regulation of cell population proliferation","cell population proliferation",0.913362179487179,0.296083333333333,0.932
"GO:0048468",9,"GO:0048869",8.95696819311783,3397,"cell development","cellular developmental process",0.878857371794872,0.380818181818182,0.836
"GO:0070887",12,"GO:0070887",8.80934240391148,2591,"cellular response to chemical stimulus","cellular response to chemical stimulus",0.921320512820513,0.373285714285714,0
"GO:0050793",13,"GO:0050793",8.36056903541116,2755,"regulation of developmental process","regulation of developmental process",0.859633012820513,0.286894736842105,0
"GO:0042221",12,"GO:0070887",8.34809892691518,4689,"response to chemical","cellular response to chemical stimulus",0.939317307692308,0.409619047619048,0.824
"GO:0007155",14,"GO:0007155",8.24128263583502,1531,"cell adhesion","cell adhesion",0.966009615384615,0.246846153846154,0
"GO:0048513",7,"GO:0032502",8.24116519904832,3472,"animal organ development","developmental process",0.900246794871795,0.523866666666667,0.653
"GO:0007166",6,"GO:0023052",7.9620716890517,2880,"cell surface receptor signaling pathway","signaling",0.87699358974359,0.460909090909091,0.694
"GO:0065008",15,"GO:0065008",7.92057148947801,3391,"regulation of biological quality","regulation of biological quality",0.932628205128205,0.409,0
"GO:0048518",3,"GO:0065007",7.74192500766583,6761,"positive regulation of biological process","biological regulation",0.914677884615385,0.6072,0.369
"GO:1901700",12,"GO:0070887",7.74192500766583,2065,"response to oxygen-containing compound","cellular response to chemical stimulus",0.943709935897436,0.405666666666667,0.704
"GO:0007186",16,"GO:0007186",7.74192500766583,2035,"G protein-coupled receptor signaling pathway","G protein-coupled receptor signaling pathway",0.88745032051282,0.392333333333333,0
"GO:0045595",13,"GO:0050793",7.61432569433745,1759,"regulation of cell differentiation","regulation of developmental process",0.840116987179487,0.268842105263158,0.894
"GO:0051094",13,"GO:0050793",7.39076989379254,1566,"positive regulation of developmental process","regulation of developmental process",0.851107371794872,0.298263157894737,0.874
"GO:0045597",13,"GO:0050793",7.28606087583736,1028,"positive regulation of cell differentiation","regulation of developmental process",0.832290064102564,0.279105263157895,0.818
"GO:0006811",17,"GO:0006811",7.04082144814483,1286,"monoatomic ion transport","monoatomic ion transport",0.931921474358974,0.358030303030303,0
"GO:0001775",18,"GO:0001775",6.93009838407249,1249,"cell activation","cell activation",0.889647435897436,0.205666666666667,0
"GO:2000026",13,"GO:0050793",6.73980818115242,1639,"regulation of multicellular organismal development","regulation of developmental process",0.810557692307692,0.297526315789474,0.875
"GO:0050865",18,"GO:0001775",6.50749131007586,670,"regulation of cell activation","cell activation",0.845647435897436,0.178222222222222,0.902
"GO:0030001",17,"GO:0006811",6.43750995601538,937,"metal ion transport","monoatomic ion transport",0.932852564102564,0.360454545454545,0.947
"GO:0048522",3,"GO:0065007",6.28247514091261,6145,"positive regulation of cellular process","biological regulation",0.896222756410256,0.6026,0.345
"GO:0023051",6,"GO:0023052",6.26909286042242,3848,"regulation of signaling","signaling",0.922751602564103,0.439636363636364,0.736
"GO:0006954",19,"GO:0006954",6.26909286042242,887,"inflammatory response","inflammatory response",0.948900641025641,0.3394375,0
"GO:0048584",1,"GO:0050896",6.03323499326168,2522,"positive regulation of response to stimulus","response to stimulus",0.886302884615385,0.542666666666667,0.467
"GO:0003013",20,"GO:0003013",6.03323499326168,592,"circulatory system process","circulatory system process",0.913772435897436,0.272625,0
"GO:0010646",21,"GO:0010646",5.94981556468166,3850,"regulation of cell communication","regulation of cell communication",0.906690705128205,0.425833333333333,0
"GO:0008015",20,"GO:0003013",5.94979505244421,561,"blood circulation","circulatory system process",0.913951923076923,0.2724375,0.988
"GO:0002376",22,"GO:0002376",5.94192521292621,3100,"immune system process","immune system process",0.932793269230769,0.36625,0
"GO:0002682",22,"GO:0002376",5.94192521292621,1743,"regulation of immune system process","immune system process",0.887262820512821,0.3056,0.845
"GO:0048583",1,"GO:0050896",5.92278453625579,4280,"regulation of response to stimulus","response to stimulus",0.898998397435897,0.503833333333333,0.54
"GO:0009605",1,"GO:0050896",5.80267877522821,2790,"response to external stimulus","response to stimulus",0.944189102564103,0.5875,0.482
"GO:0060284",13,"GO:0050793",5.62202226541354,980,"regulation of cell development","regulation of developmental process",0.843282051282051,0.282157894736842,0.809
"GO:0006812",17,"GO:0006811",5.55000176772069,1087,"monoatomic cation transport","monoatomic ion transport",0.932403846153846,0.358484848484849,0.961
"GO:0045321",18,"GO:0001775",5.54093307920888,1109,"leukocyte activation","cell activation",0.855480769230769,0.197777777777778,0.973
"GO:0008284",10,"GO:0008283",5.37380177254352,1039,"positive regulation of cell population proliferation","cell population proliferation",0.89919391025641,0.314583333333333,0.863
"GO:0007399",7,"GO:0032502",5.35130055917651,2753,"nervous system development","developmental process",0.857876602564103,0.406933333333333,0.617
"GO:0051241",8,"GO:0051239",5.31660018652644,1259,"negative regulation of multicellular organismal process","regulation of multicellular organismal process",0.858649038461538,0.472666666666667,0.779
"GO:0035295",23,"GO:0035295",5.29656657062239,1272,"tube development","tube development",0.878953525641026,0.436,0
"GO:0002694",18,"GO:0001775",5.29656657062239,614,"regulation of leukocyte activation","cell activation",0.814309294871795,0.171166666666667,0.895
"GO:0006690",24,"GO:0006690",5.22877304119593,156,"icosanoid metabolic process","icosanoid metabolic process",0.951402243589744,0.304578947368421,0
"GO:0048870",25,"GO:0048870",5.21428732074481,1952,"cell motility","cell motility",0.959889423076923,0.337214285714286,0
"GO:0016477",25,"GO:0048870",5.14901684120767,1661,"cell migration","cell motility",0.959572115384615,0.323,0.962
"GO:0009887",11,"GO:0009653",5.10647494108421,1180,"animal organ morphogenesis","anatomical structure morphogenesis",0.901709935897436,0.461777777777778,0.81
"GO:0032787",24,"GO:0006690",5.02182786121722,734,"monocarboxylic acid metabolic process","icosanoid metabolic process",0.945967948717949,0.266210526315789,0.765
"GO:0009888",26,"GO:0009888",4.99771009717059,2267,"tissue development","tissue development",0.909176282051282,0.370882352941176,0
"GO:0007267",5,"GO:0007154",4.98262447003941,1498,"cell-cell signaling","cell communication",0.916783653846154,0.236875,0.61
"GO:0006935",27,"GO:0006935",4.98262447003941,481,"chemotaxis","chemotaxis",0.929584935897436,0.196,0
"GO:0042330",27,"GO:0006935",4.98262447003941,483,"taxis","chemotaxis",0.939267628205128,0.195888888888889,0.995
"GO:0048646",11,"GO:0009653",4.94405833577409,1319,"anatomical structure formation involved in morphogenesis","anatomical structure morphogenesis",0.913485576923077,0.491222222222222,0.797
"GO:0098609",14,"GO:0007155",4.8900929636535,933,"cell-cell adhesion","cell adhesion",0.965907051282051,0.216,0.918
"GO:0042592",28,"GO:0042592",4.66312065592912,1980,"homeostatic process","homeostatic process",0.977580128205128,0.245733333333333,0
"GO:0035239",23,"GO:0035295",4.51735322092747,995,"tube morphogenesis","tube development",0.873793269230769,0.429444444444444,0.945
"GO:0040011",27,"GO:0006935",4.50741278769591,1354,"locomotion","chemotaxis",0.979884615384615,0.213888888888889,0.879
"GO:0003008",20,"GO:0003013",4.50214256830622,3264,"system process","circulatory system process",0.907977564102564,0.3438125,0.798
"GO:0050900",25,"GO:0048870",4.50214256830622,409,"leukocyte migration","cell motility",0.917689102564103,0.214,0.816
"GO:0030097",9,"GO:0048869",4.47507265276456,1119,"hemopoiesis","cellular developmental process",0.888070512820513,0.322227272727273,0.695
"GO:1901701",12,"GO:0070887",4.46089554668998,1482,"cellular response to oxygen-containing compound","cellular response to chemical stimulus",0.925298076923077,0.366333333333333,0.878
"GO:0051049",29,"GO:0051049",4.46005176672838,1894,"regulation of transport","regulation of transport",0.885466346153846,0.296,0
"GO:0006629",30,"GO:0006629",4.4455488480889,1461,"lipid metabolic process","lipid metabolic process",0.969165064102564,0.394909090909091,0
"GO:0002523",19,"GO:0006954",4.32669952206268,29,"leukocyte migration involved in inflammatory response","inflammatory response",0.903485576923077,0.4663125,0.715
"GO:0043436",24,"GO:0006690",4.21366346937105,1009,"oxoacid metabolic process","icosanoid metabolic process",0.945341346153846,0.263210526315789,0.793
"GO:0033993",12,"GO:0070887",4.16190453750056,1165,"response to lipid","cellular response to chemical stimulus",0.949225961538462,0.491904761904762,0.637
"GO:0030155",14,"GO:0007155",4.13198844739078,840,"regulation of cell adhesion","cell adhesion",0.925288461538462,0.227461538461538,0.904
"GO:0007010",31,"GO:0007010",4.12432598526554,1537,"cytoskeleton organization","cytoskeleton organization",0.947647435897436,0.5026,0
"GO:0051249",18,"GO:0001775",4.12432598526554,535,"regulation of lymphocyte activation","cell activation",0.815620192307692,0.168333333333333,0.884
"GO:0006082",24,"GO:0006690",4.11475777767799,1015,"organic acid metabolic process","icosanoid metabolic process",0.945349358974359,0.264105263157895,0.791
"GO:0051234",17,"GO:0006811",4.10542437189512,4819,"establishment of localization","monoatomic ion transport",0.931947115384615,0.422,0.687
"GO:0098660",32,"GO:0098660",4.00392793140594,945,"inorganic ion transmembrane transport","inorganic ion transmembrane transport",0.922538461538462,0.296,0
"GO:0010647",21,"GO:0010646",3.94706157884004,2099,"positive regulation of cell communication","regulation of cell communication",0.895080128205128,0.340666666666667,0.833
"GO:0035556",6,"GO:0023052",3.92019450537542,3047,"intracellular signal transduction","signaling",0.876336538461538,0.414363636363636,0.7
"GO:0009952",33,"GO:0009952",3.89006086845904,240,"anterior/posterior pattern specification","anterior/posterior pattern specification",0.899201923076923,0.342,0
"GO:0023056",6,"GO:0023052",3.87917555877283,2099,"positive regulation of signaling","signaling",0.910415064102564,0.493818181818182,0.635
"GO:0019752",24,"GO:0006690",3.87459930109051,988,"carboxylic acid metabolic process","icosanoid metabolic process",0.945328525641026,0.262421052631579,0.794
"GO:0002684",22,"GO:0002376",3.86738679763533,1220,"positive regulation of immune system process","immune system process",0.874432692307692,0.3056,0.798
"GO:0001944",23,"GO:0035295",3.8533510851568,845,"vasculature development","tube development",0.879035256410256,0.315777777777778,0.444
"GO:0050727",19,"GO:0006954",3.84630804046958,403,"regulation of inflammatory response","inflammatory response",0.90418108974359,0.3634375,0.902
"GO:0051179",17,"GO:0006811",3.82162788628406,5499,"localization","monoatomic ion transport",0.935972756410256,0.456060606060606,0.647
"GO:0046649",18,"GO:0001775",3.80634144230093,917,"lymphocyte activation","cell activation",0.857269230769231,0.197,0.952
"GO:0009966",6,"GO:0023052",3.80163504122359,3221,"regulation of signal transduction","signaling",0.867059294871795,0.425090909090909,0.705
"GO:0022414",34,"GO:0022414",3.73344997520567,1854,"reproductive process","reproductive process",0.978190705128205,0.288555555555556,0
"GO:0007596",15,"GO:0065008",3.69910674321959,188,"blood coagulation","regulation of biological quality",0.86288141025641,0.488,0.643
"GO:0033559",30,"GO:0006629",3.69910674321959,158,"unsaturated fatty acid metabolic process","lipid metabolic process",0.946915064102564,0.393,0.716
"GO:0048568",4,"GO:0032501",3.63974318464488,559,"embryonic organ development","multicellular organismal process",0.879703525641026,0.4,0.372
"GO:0050817",35,"GO:0050817",3.63974318464488,193,"coagulation","coagulation",0.934330128205128,0.3118,0
"GO:0046456",24,"GO:0006690",3.63974318464488,53,"icosanoid biosynthetic process","icosanoid metabolic process",0.9514375,0.288105263157895,0.914
"GO:0072330",24,"GO:0006690",3.63974318464488,226,"monocarboxylic acid biosynthetic process","icosanoid metabolic process",0.947341346153846,0.263684210526316,0.683
"GO:0032879",29,"GO:0051049",3.62589676567779,2326,"regulation of localization","regulation of transport",0.888942307692308,0.324769230769231,0.941
"GO:0019953",34,"GO:0022414",3.60560230065516,1229,"sexual reproduction","reproductive process",0.977669871794872,0.268277777777778,0.922
"GO:0008217",20,"GO:0003013",3.60510010924922,229,"regulation of blood pressure","circulatory system process",0.884418269230769,0.308375,0.876
"GO:0022603",13,"GO:0050793",3.59342348743021,950,"regulation of anatomical structure morphogenesis","regulation of developmental process",0.863285256410256,0.350736842105263,0.808
"GO:0070167",26,"GO:0009888",3.59342348743021,109,"regulation of biomineral tissue development","tissue development",0.840798076923077,0.348,0.64
"GO:0001568",23,"GO:0035295",3.59228720063027,809,"blood vessel development","tube development",0.880224358974359,0.315222222222222,0.439
"GO:0006950",19,"GO:0006954",3.56816558111736,4207,"response to stress","inflammatory response",0.944163461538462,0.491,0.681
"GO:0098657",17,"GO:0006811",3.56753398781671,966,"import into cell","monoatomic ion transport",0.939314102564103,0.507818181818182,0.534
"GO:0042391",15,"GO:0065008",3.56753398781671,524,"regulation of membrane potential","regulation of biological quality",0.942862179487179,0.444470588235294,0.732
"GO:0003018",20,"GO:0003013",3.56131801106443,256,"vascular process in circulatory system","circulatory system process",0.92256891025641,0.345625,0.875
"GO:0007599",15,"GO:0065008",3.54982986538727,192,"hemostasis","regulation of biological quality",0.944370192307692,0.487058823529412,0.645
"GO:0006952",19,"GO:0006954",3.5468003054932,1976,"defense response","inflammatory response",0.945825320512821,0.4035,0.832
"GO:0051301",36,"GO:0051301",3.51966617467821,641,"cell division","cell division",0.98086858974359,0.3318,0
"GO:1903706",9,"GO:0048869",3.51246707356666,458,"regulation of hemopoiesis","cellular developmental process",0.770741987179487,0.308136363636364,0.602
"GO:0048519",37,"GO:0048519",3.49914710017925,5908,"negative regulation of biological process","negative regulation of biological process",0.926621794871795,0.565,0
"GO:0008608",38,"GO:0008608",3.46464937207564,51,"attachment of spindle microtubules to kinetochore","attachment of spindle microtubules to kinetochore",0.895713141025641,0.3685,0
"GO:0006631",24,"GO:0006690",3.46464937207564,478,"fatty acid metabolic process","icosanoid metabolic process",0.941705128205128,0.284315789473684,0.737
"GO:0048562",4,"GO:0032501",3.4587923319056,347,"embryonic organ morphogenesis","multicellular organismal process",0.876198717948718,0.3944,0.347
"GO:0072359",23,"GO:0035295",3.44527582147054,1299,"circulatory system development","tube development",0.871451923076923,0.355222222222222,0.482
"GO:0009967",21,"GO:0010646",3.44001866717765,1711,"positive regulation of signal transduction","regulation of cell communication",0.858403846153846,0.332333333333333,0.811
"GO:0010720",13,"GO:0050793",3.4145998550764,571,"positive regulation of cell development","regulation of developmental process",0.835237179487179,0.288631578947368,0.749
"GO:0050673",10,"GO:0008283",3.40413833675893,520,"epithelial cell proliferation","cell population proliferation",0.962828525641026,0.396,0.791
"GO:0048514",23,"GO:0035295",3.35676337345239,698,"blood vessel morphogenesis","tube development",0.872442307692308,0.206888888888889,0.903
"GO:0006810",17,"GO:0006811",3.32919439866203,4516,"transport","monoatomic ion transport",0.930439102564103,0.408666666666667,0.704
"GO:0009611",19,"GO:0006954",3.30203973787372,589,"response to wounding","inflammatory response",0.950713141025641,0.4934375,0.508
"GO:0022008",7,"GO:0032502",3.30203973787372,2076,"neurogenesis","developmental process",0.840011217948718,0.423133333333333,0.565
"GO:0060326",27,"GO:0006935",3.30203973787372,337,"cell chemotaxis","chemotaxis",0.902923076923077,0.213777777777778,0.96
"GO:0016053",24,"GO:0006690",3.28820945043688,332,"organic acid biosynthetic process","icosanoid metabolic process",0.946817307692308,0.259894736842105,0.702
"GO:0050867",18,"GO:0001775",3.26705898023841,407,"positive regulation of cell activation","cell activation",0.836915064102564,0.205222222222222,0.851
"GO:0098662",32,"GO:0098660",3.23184610570504,845,"inorganic cation transmembrane transport","inorganic ion transmembrane transport",0.923264423076923,0.297125,0.976
"GO:0048523",37,"GO:0048519",3.19721991224391,5402,"negative regulation of cellular process","negative regulation of biological process",0.908785256410256,0.565,0.87
"GO:0007188",16,"GO:0007186",3.18576075197923,266,"adenylate cyclase-modulating G protein-coupled receptor signaling pathway","G protein-coupled receptor signaling pathway",0.905387820512821,0.408166666666667,0.8
"GO:0002696",18,"GO:0001775",3.18562107654815,383,"positive regulation of leukocyte activation","cell activation",0.808302884615385,0.196666666666667,0.847
"GO:0055085",32,"GO:0098660",3.18430460484495,1561,"transmembrane transport","inorganic ion transmembrane transport",0.919448717948718,0.34825,0.913
"GO:0043269",17,"GO:0006811",3.16711611093413,529,"regulation of monoatomic ion transport","monoatomic ion transport",0.892163461538461,0.366575757575758,0.852
"GO:1902105",9,"GO:0048869",3.16269456150827,372,"regulation of leukocyte differentiation","cellular developmental process",0.7750625,0.304909090909091,0.585
"GO:0048732",39,"GO:0048732",3.15869008971319,560,"gland development","gland development",0.920625,0.5432,0
"GO:0042060",19,"GO:0006954",3.15869008971319,394,"wound healing","inflammatory response",0.95148717948718,0.5004375,0.491
"GO:0120254",40,"GO:0120254",3.15291938770395,194,"olefinic compound metabolic process","olefinic compound metabolic process",0.983024038461539,0.577,0
"GO:0034220",17,"GO:0006811",3.15291938770395,1023,"monoatomic ion transmembrane transport","monoatomic ion transport",0.916501602564103,0.376878787878788,0.935
"GO:0051953",41,"GO:0051953",3.15291938770395,39,"negative regulation of amine transport","negative regulation of amine transport",0.903169871794872,0.348666666666667,0
"GO:0046394",24,"GO:0006690",3.12785316455551,328,"carboxylic acid biosynthetic process","icosanoid metabolic process",0.946764423076923,0.258157894736842,0.706
"GO:0051093",13,"GO:0050793",3.11418788890855,1057,"negative regulation of developmental process","regulation of developmental process",0.863831730769231,0.332263157894737,0.817
"GO:0032943",10,"GO:0008283",3.11302980602498,343,"mononuclear cell proliferation","cell population proliferation",0.957711538461538,0.265166666666667,0.76
"GO:0048871",28,"GO:0042592",3.10554015439023,1009,"multicellular organismal-level homeostasis","homeostatic process",0.914070512820513,0.264733333333333,0.87
"GO:0044281",24,"GO:0006690",3.10008092613351,1887,"small molecule metabolic process","icosanoid metabolic process",0.963097756410256,0.342842105263158,0.691
"GO:0002683",22,"GO:0002376",3.0970056682642,572,"negative regulation of immune system process","immune system process",0.889794871794872,0.3962,0.694
"GO:0097237",12,"GO:0070887",3.09551113758158,119,"cellular response to toxic substance","cellular response to chemical stimulus",0.939972756410256,0.441380952380952,0.648
"GO:0045444",9,"GO:0048869",3.08928119449083,274,"fat cell differentiation","cellular developmental process",0.915511217948718,0.554454545454545,0.553
"GO:0006816",17,"GO:0006811",3.0872600194168,473,"calcium ion transport","monoatomic ion transport",0.93738141025641,0.399393939393939,0.858
"GO:0022407",14,"GO:0007155",3.08510690960924,522,"regulation of cell-cell adhesion","cell adhesion",0.926990384615385,0.199,0.855
"GO:0070661",10,"GO:0008283",3.07404722116085,378,"leukocyte proliferation","cell population proliferation",0.957608974358974,0.264958333333333,0.768
"GO:1903046",34,"GO:0022414",3.07101936089611,249,"meiotic cell cycle process","reproductive process",0.924608974358974,0.253833333333333,0.783
"GO:0030029",42,"GO:0030029",3.05073839568292,835,"actin filament-based process","actin filament-based process",0.981064102564103,0.3645,0
"GO:0002685",25,"GO:0048870",3.05073839568292,257,"regulation of leukocyte migration","cell motility",0.87586858974359,0.223857142857143,0.76
"GO:0046651",10,"GO:0008283",3.04674433710788,336,"lymphocyte proliferation","cell population proliferation",0.850025641025641,0.26575,0.758
"GO:0001525",23,"GO:0035295",3.04674433710788,587,"angiogenesis","tube development",0.87493108974359,0.223777777777778,0.879
"GO:0019369",30,"GO:0006629",3.03502795706787,83,"arachidonate metabolic process","lipid metabolic process",0.945727564102564,0.388545454545455,0.663
"GO:0006691",24,"GO:0006690",2.98510570116656,29,"leukotriene metabolic process","icosanoid metabolic process",0.956543269230769,0.363789473684211,0.877
"GO:0098655",17,"GO:0006811",2.98108144464773,863,"monoatomic cation transmembrane transport","monoatomic ion transport",0.917149038461539,0.37630303030303,0.918
"GO:0007204",15,"GO:0065008",2.96668523023616,200,"positive regulation of cytosolic calcium ion concentration","regulation of biological quality",0.95086858974359,0.555411764705882,0.622
"GO:0001817",43,"GO:0001817",2.94957819569217,862,"regulation of cytokine production","regulation of cytokine production",0.836817307692308,0.307125,0
"GO:0019370",24,"GO:0006690",2.94900727456883,13,"leukotriene biosynthetic process","icosanoid metabolic process",0.954674679487179,0.322842105263158,0.839
"GO:0015711",44,"GO:0015711",2.9455603071409,477,"organic anion transport","organic anion transport",0.94225,0.4144,0
"GO:0019372",24,"GO:0006690",2.94363290597299,11,"lipoxygenase pathway","icosanoid metabolic process",0.954001602564103,0.394526315789474,0.828
"GO:0051050",29,"GO:0051049",2.94359737351944,1079,"positive regulation of transport","regulation of transport",0.875487179487179,0.284769230769231,0.888
"GO:0045596",13,"GO:0050793",2.93995993622688,755,"negative regulation of cell differentiation","regulation of developmental process",0.843625,0.305473684210526,0.781
"GO:0032944",10,"GO:0008283",2.93528745671366,264,"regulation of mononuclear cell proliferation","cell population proliferation",0.921916666666667,0.252333333333333,0.731
"GO:0031214",26,"GO:0009888",2.92154482562182,191,"biomineral tissue development","tissue development",0.921142628205128,0.351294117647059,0.684
"GO:0098869",12,"GO:0070887",2.90008300253068,78,"cellular oxidant detoxification","cellular response to chemical stimulus",0.942171474358974,0.458095238095238,0.618
"GO:1990748",12,"GO:0070887",2.89376873990169,105,"cellular detoxification","cellular response to chemical stimulus",0.940338141025641,0.44147619047619,0.642
"GO:0030168",35,"GO:0050817",2.89114209368953,105,"platelet activation","coagulation",0.846804487179487,0.2732,0.934
"GO:0043270",17,"GO:0006811",2.88547769734481,253,"positive regulation of monoatomic ion transport","monoatomic ion transport",0.884519230769231,0.410060606060606,0.772
"GO:1903047",45,"GO:1903047",2.86528287048238,766,"mitotic cell cycle process","mitotic cell cycle process",0.929801282051282,0.283818181818182,0
"GO:0045785",14,"GO:0007155",2.86528287048238,529,"positive regulation of cell adhesion","cell adhesion",0.911233974358974,0.239923076923077,0.849
"GO:0098754",12,"GO:0070887",2.85796168155876,125,"detoxification","cellular response to chemical stimulus",0.956008012820513,0.489380952380952,0.496
"GO:0001816",43,"GO:0001817",2.85529236451363,943,"cytokine production","regulation of cytokine production",0.892416666666667,0.313625,0.967
"GO:0032101",1,"GO:0050896",2.84771751158909,1167,"regulation of response to external stimulus","response to stimulus",0.903910256410256,0.5015,0.395
"GO:0051046",17,"GO:0006811",2.84771751158909,794,"regulation of secretion","monoatomic ion transport",0.889456730769231,0.408363636363636,0.514
"GO:0002526",19,"GO:0006954",2.82598737827996,122,"acute inflammatory response","inflammatory response",0.9573125,0.4245625,0.803
"GO:0060429",26,"GO:0009888",2.81753470643053,1422,"epithelium development","tissue development",0.914616987179487,0.396647058823529,0.888
"GO:0007159",14,"GO:0007155",2.80718898214614,434,"leukocyte cell-cell adhesion","cell adhesion",0.967290064102564,0.233769230769231,0.841
"GO:0002521",9,"GO:0048869",2.80476206185924,713,"leukocyte differentiation","cellular developmental process",0.892251602564103,0.327318181818182,0.652
"GO:0042110",18,"GO:0001775",2.80222657833654,661,"T cell activation","cell activation",0.862379807692308,0.223777777777778,0.906
"GO:0001503",46,"GO:0001503",2.79034319231545,508,"ossification","ossification",0.92969391025641,0.3144,0
"GO:0050670",10,"GO:0008283",2.77607425931302,259,"regulation of lymphocyte proliferation","cell population proliferation",0.809179487179487,0.252833333333333,0.73
"GO:0051310",38,"GO:0008608",2.77095509630867,102,"metaphase chromosome alignment","attachment of spindle microtubules to kinetochore",0.88988141025641,0.352125,0.946
"GO:0006955",22,"GO:0002376",2.76872471135918,2189,"immune response","immune system process",0.899147435897436,0.33085,0.86
"GO:0040012",27,"GO:0006935",2.749152290595,1163,"regulation of locomotion","chemotaxis",0.93732532051282,0.213,0.857
"GO:0061448",26,"GO:0009888",2.74727562742111,334,"connective tissue development","tissue development",0.924557692307692,0.372294117647059,0.729
"GO:0000902",11,"GO:0009653",2.73021912918956,1137,"cell morphogenesis","anatomical structure morphogenesis",0.913089743589744,0.393888888888889,0.778
"GO:0014070",12,"GO:0070887",2.69152444895201,1120,"response to organic cyclic compound","cellular response to chemical stimulus",0.950065705128205,0.495809523809524,0.635
"GO:0070663",10,"GO:0008283",2.68224302699251,286,"regulation of leukocyte proliferation","cell population proliferation",0.921608974358974,0.252291666666667,0.738
"GO:0032612",43,"GO:0001817",2.68212290747191,131,"interleukin-1 production","regulation of cytokine production",0.913346153846154,0.34625,0.738
"GO:0032652",43,"GO:0001817",2.68212290747191,125,"regulation of interleukin-1 production","regulation of cytokine production",0.868836538461538,0.33925,0.759
"GO:0010817",15,"GO:0065008",2.67722531315712,667,"regulation of hormone levels","regulation of biological quality",0.942552884615385,0.442411764705882,0.739
"GO:0000278",45,"GO:1903047",2.63295305810715,897,"mitotic cell cycle","mitotic cell cycle process",0.931567307692308,0.307030303030303,0.973
"GO:0022402",45,"GO:1903047",2.63295305810715,1327,"cell cycle process","mitotic cell cycle process",0.929072115384615,0.296606060606061,0.898
"GO:0007200",16,"GO:0007186",2.6252048613877,139,"phospholipase C-activating G protein-coupled receptor signaling pathway","G protein-coupled receptor signaling pathway",0.912884615384615,0.491333333333333,0.732
"GO:0097529",25,"GO:0048870",2.59221495171729,256,"myeloid leukocyte migration","cell motility",0.921065705128205,0.21,0.759
"GO:0030334",27,"GO:0006935",2.58108680338637,1051,"regulation of cell migration","chemotaxis",0.91143108974359,0.220111111111111,0.846
"GO:0030282",26,"GO:0009888",2.55714735920706,143,"bone mineralization","tissue development",0.891608974358974,0.361529411764706,0.659
"GO:0030595",27,"GO:0006935",2.54367098352075,243,"leukocyte chemotaxis","chemotaxis",0.866924679487179,0.234666666666667,0.931
"GO:1990845",47,"GO:1990845",2.54128064306177,175,"adaptive thermogenesis","adaptive thermogenesis",0.983511217948718,0.343666666666667,0
"GO:0022409",14,"GO:0007155",2.53751263096638,340,"positive regulation of cell-cell adhesion","cell adhesion",0.913017628205128,0.209692307692308,0.812
"GO:0003012",20,"GO:0003013",2.53263765383782,460,"muscle system process","circulatory system process",0.920759615384615,0.36375,0.648
"GO:1903530",17,"GO:0006811",2.52084244262791,709,"regulation of secretion by cell","monoatomic ion transport",0.876633012820513,0.397333333333333,0.508
"GO:1990573",32,"GO:0098660",2.51526628775216,48,"potassium ion import across plasma membrane","inorganic ion transmembrane transport",0.931149038461538,0.36075,0.717
"GO:0070169",26,"GO:0009888",2.5049807085103,59,"positive regulation of biomineral tissue development","tissue development",0.836908653846154,0.369764705882353,0.604
"GO:0048878",28,"GO:0042592",2.49709474787115,1160,"chemical homeostasis","homeostatic process",0.977229166666667,0.229866666666667,0.92
"GO:0016043",31,"GO:0007010",2.47416277603853,6878,"cellular component organization","cytoskeleton organization",0.946711538461538,0.46555,0.639
"GO:0000280",31,"GO:0007010",2.47416277603853,468,"nuclear division","cytoskeleton organization",0.943331730769231,0.4609,0.609
"GO:0009636",12,"GO:0070887",2.46576648262661,234,"response to toxic substance","cellular response to chemical stimulus",0.954376602564103,0.476333333333333,0.522
"GO:0048598",4,"GO:0032501",2.45148555990208,703,"embryonic morphogenesis","multicellular organismal process",0.874280448717949,0.3958,0.397
"GO:0001501",48,"GO:0001501",2.41834528324515,581,"skeletal system development","skeletal system development",0.880304487179487,0.306428571428571,0
"GO:0050801",28,"GO:0042592",2.41834528324515,655,"monoatomic ion homeostasis","homeostatic process",0.977775641025641,0.244933333333333,0.864
"GO:0048706",48,"GO:0001501",2.4181219154968,154,"embryonic skeletal system development","skeletal system development",0.890658653846154,0.277285714285714,0.854
"GO:0000070",45,"GO:1903047",2.41130188160251,190,"mitotic sister chromatid segregation","mitotic cell cycle process",0.908600961538462,0.231212121212121,0.871
"GO:0006633",24,"GO:0006690",2.40577207716099,164,"fatty acid biosynthetic process","icosanoid metabolic process",0.942775641025641,0.272421052631579,0.668
"GO:0032946",10,"GO:0008283",2.39074916668601,159,"positive regulation of mononuclear cell proliferation","cell population proliferation",0.908972756410256,0.266041666666667,0.696
"GO:0006897",17,"GO:0006811",2.37919365782857,736,"endocytosis","monoatomic ion transport",0.925788461538462,0.497181818181818,0.516
"GO:0051251",18,"GO:0001775",2.37495400659454,346,"positive regulation of lymphocyte activation","cell activation",0.809224358974359,0.192,0.839
"GO:0009617",49,"GO:0009617",2.3652835595007,1009,"response to bacterium","response to bacterium",0.949592948717949,0.296,0
"GO:0070527",14,"GO:0007155",2.3652824562506,64,"platelet aggregation","cell adhesion",0.84248717948718,0.359076923076923,0.676
"GO:0045637",9,"GO:0048869",2.35599870934148,236,"regulation of myeloid cell differentiation","cellular developmental process",0.783145833333333,0.309454545454545,0.554
"GO:0140352",17,"GO:0006811",2.34702366705918,1074,"export from cell","monoatomic ion transport",0.92055608974359,0.450757575757576,0.543
"GO:0051128",31,"GO:0007010",2.33581882016737,2714,"regulation of cellular component organization","cytoskeleton organization",0.901403846153846,0.45415,0.534
"GO:0008544",26,"GO:0009888",2.33355334383522,409,"epidermis development","tissue development",0.92588782051282,0.474,0.742
"GO:0023061",17,"GO:0006811",2.33355334383522,628,"signal release","monoatomic ion transport",0.868945512820513,0.454272727272727,0.508
"GO:0046903",17,"GO:0006811",2.33355334383522,1170,"secretion","monoatomic ion transport",0.932538461538462,0.436060606060606,0.548
"GO:0001676",30,"GO:0006629",2.33355334383522,137,"long-chain fatty acid metabolic process","lipid metabolic process",0.947022435897436,0.394090909090909,0.714
"GO:0009308",50,"GO:0009308",2.33355334383522,133,"amine metabolic process","amine metabolic process",0.981844551282051,0.385666666666667,0
"GO:0001659",28,"GO:0042592",2.33355334383522,201,"temperature homeostasis","homeostatic process",0.925974358974359,0.3712,0.715
"GO:0030500",26,"GO:0009888",2.33355334383522,90,"regulation of bone mineralization","tissue development",0.839722756410256,0.352882352941176,0.627
"GO:0030099",9,"GO:0048869",2.33355334383522,513,"myeloid cell differentiation","cellular developmental process",0.895527243589744,0.327818181818182,0.617
"GO:2000145",27,"GO:0006935",2.32707077005707,1115,"regulation of cell motility","chemotaxis",0.91142467948718,0.215888888888889,0.851
"GO:0002761",9,"GO:0048869",2.3177472008643,154,"regulation of myeloid leukocyte differentiation","cellular developmental process",0.791129807692308,0.315409090909091,0.524
"GO:0051321",34,"GO:0022414",2.31590097703144,361,"meiotic cell cycle","reproductive process",0.926032051282051,0.253944444444444,0.801
"GO:0050878",15,"GO:0065008",2.30231056180504,373,"regulation of body fluid levels","regulation of biological quality",0.94274358974359,0.472411764705882,0.682
"GO:0033604",41,"GO:0051953",2.30220739980433,19,"negative regulation of catecholamine secretion","negative regulation of amine transport",0.889605769230769,0.172583333333333,0.957
"GO:0002062",26,"GO:0009888",2.29305733298535,126,"chondrocyte differentiation","tissue development",0.86857532051282,0.394823529411765,0.658
"GO:0002573",9,"GO:0048869",2.28861440824874,292,"myeloid leukocyte differentiation","cellular developmental process",0.900392628205128,0.337681818181818,0.571
"GO:0045598",9,"GO:0048869",2.28437765865178,151,"regulation of fat cell differentiation","cellular developmental process",0.876113782051282,0.496363636363636,0.513
"GO:0043588",39,"GO:0048732",2.24148116061906,351,"skin development","gland development",0.925785256410256,0.554,0.479
"GO:0099537",5,"GO:0007154",2.24148116061906,981,"trans-synaptic signaling","cell communication",0.91951282051282,0.208125,0.57
"GO:0044283",24,"GO:0006690",2.23848904702108,617,"small molecule biosynthetic process","icosanoid metabolic process",0.961825320512821,0.328842105263158,0.599
"GO:0002366",22,"GO:0002376",2.23567029600515,339,"leukocyte activation involved in immune response","immune system process",0.844128205128205,0.3694,0.645
"GO:0050866",18,"GO:0001775",2.22603767444471,224,"negative regulation of cell activation","cell activation",0.851113782051282,0.250944444444444,0.792
"GO:0050671",10,"GO:0008283",2.22090128588528,156,"positive regulation of lymphocyte proliferation","cell population proliferation",0.803849358974359,0.266458333333333,0.695
"GO:0007276",34,"GO:0022414",2.22072290798054,950,"gamete generation","reproductive process",0.978217948717949,0.285333333333333,0.87
"GO:0050000",38,"GO:0008608",2.21521833032448,124,"chromosome localization","attachment of spindle microtubules to kinetochore",0.953873397435897,0.403,0.932
"GO:0099177",5,"GO:0007154",2.21449754915994,772,"regulation of trans-synaptic signaling","cell communication",0.913982371794872,0.2295,0.534
"GO:0007389",33,"GO:0009952",2.20991750561536,502,"pattern specification process","anterior/posterior pattern specification",0.889360576923077,0.3114,0.901
"GO:0048704",48,"GO:0001501",2.20991750561536,110,"embryonic skeletal system morphogenesis","skeletal system development",0.880754807692308,0.241714285714286,0.829
"GO:0009725",51,"GO:0009725",2.20586202149252,1030,"response to hormone","response to hormone",0.949373397435897,0.544,0
"GO:0045600",9,"GO:0048869",2.20470967259876,72,"positive regulation of fat cell differentiation","cellular developmental process",0.868748397435897,0.522863636363636,0.475
"GO:0050678",10,"GO:0008283",2.20470967259876,432,"regulation of epithelial cell proliferation","cell population proliferation",0.925772435897436,0.380083333333333,0.76
"GO:0010959",17,"GO:0006811",2.20470967259876,447,"regulation of metal ion transport","monoatomic ion transport",0.89298717948718,0.362757575757576,0.837
"GO:0120161",47,"GO:1990845",2.20470967259876,151,"regulation of cold-induced thermogenesis","adaptive thermogenesis",0.869969551282051,0.339333333333333,0.984
"GO:0051303",38,"GO:0008608",2.1916882656601,117,"establishment of chromosome localization","attachment of spindle microtubules to kinetochore",0.938828525641026,0.3515,0.936
"GO:0120036",31,"GO:0007010",2.18901845559528,1798,"plasma membrane bounded cell projection organization","cytoskeleton organization",0.950998397435897,0.4578,0.505
"GO:0006813",17,"GO:0006811",2.17750240130787,249,"potassium ion transport","monoatomic ion transport",0.940479166666667,0.436666666666667,0.806
"GO:0006936",20,"GO:0003013",2.16941134026743,329,"muscle contraction","circulatory system process",0.922701923076923,0.37325,0.628
"GO:0002263",22,"GO:0002376",2.14564769421902,343,"cell activation involved in immune response","immune system process",0.844538461538462,0.3686,0.646
"GO:0051952",41,"GO:0051953",2.1354028625033,113,"regulation of amine transport","negative regulation of amine transport",0.906206730769231,0.32875,0.925
"GO:0071396",12,"GO:0070887",2.13403119136967,794,"cellular response to lipid","cellular response to chemical stimulus",0.931524038461538,0.44,0.798
"GO:0003002",33,"GO:0009952",2.13049221141141,454,"regionalization","anterior/posterior pattern specification",0.890496794871795,0.3042,0.913
"GO:0032940",17,"GO:0006811",2.12456051737395,996,"secretion by cell","monoatomic ion transport",0.918716346153846,0.425606060606061,0.539
"GO:1903037",14,"GO:0007155",2.12270313756627,393,"regulation of leukocyte cell-cell adhesion","cell adhesion",0.928392628205128,0.198769230769231,0.829
"GO:0060627",29,"GO:0051049",2.11641401558686,631,"regulation of vesicle-mediated transport","regulation of transport",0.882685897435897,0.336846153846154,0.842
"GO:0106106",47,"GO:1990845",2.10561089218748,155,"cold-induced thermogenesis","adaptive thermogenesis",0.915235576923077,0.339,0.985
"GO:0030030",31,"GO:0007010",2.10526726079723,1842,"cell projection organization","cytoskeleton organization",0.950929487179487,0.4576,0.506
"GO:0043583",39,"GO:0048732",2.10526726079723,277,"ear development","gland development",0.924400641025641,0.422,0.473
"GO:0009410",12,"GO:0070887",2.08585702243209,498,"response to xenobiotic stimulus","cellular response to chemical stimulus",0.955666666666667,0.56052380952381,0.557
"GO:0001508",15,"GO:0065008",2.07840484600447,184,"action potential","regulation of biological quality",0.947326923076923,0.477352941176471,0.652
"GO:0030036",42,"GO:0030029",2.07840484600447,744,"actin cytoskeleton organization","actin filament-based process",0.947596153846154,0.3695,0.975
"GO:0044057",8,"GO:0051239",2.07840484600447,666,"regulation of system process","regulation of multicellular organismal process",0.864290064102564,0.305333333333333,0.728
"GO:0030501",26,"GO:0009888",2.06884695696471,49,"positive regulation of bone mineralization","tissue development",0.834479166666667,0.374294117647059,0.592
"GO:0070493",16,"GO:0007186",2.0619862458086,13,"thrombin-activated receptor signaling pathway","G protein-coupled receptor signaling pathway",0.927258012820513,0.5615,0.598
"GO:0051924",17,"GO:0006811",2.0619862458086,289,"regulation of calcium ion transport","monoatomic ion transport",0.897552884615385,0.383878787878788,0.79
"GO:0055080",28,"GO:0042592",2.06070830455854,642,"monoatomic cation homeostasis","homeostatic process",0.977834935897436,0.2468,0.859
"GO:0048609",34,"GO:0022414",2.05653937464577,1145,"multicellular organismal reproductive process","reproductive process",0.979214743589744,0.320666666666667,0.891
"GO:0050804",5,"GO:0007154",2.05554374670084,771,"modulation of chemical synaptic transmission","cell communication",0.914014423076923,0.229,0.534
"GO:0098661",32,"GO:0098660",2.03155563973983,133,"inorganic anion transmembrane transport","inorganic ion transmembrane transport",0.935748397435897,0.364375,0.792
"GO:0051216",26,"GO:0009888",2.03011800803292,234,"cartilage development","tissue development",0.878945512820513,0.375352941176471,0.707
"GO:0006911",52,"GO:0006911",2.02663156520985,65,"phagocytosis, engulfment","phagocytosis, engulfment",0.917751602564103,0.2396,0
"GO:0045638",9,"GO:0048869",1.99412598873274,97,"negative regulation of myeloid cell differentiation","cellular developmental process",0.791716346153846,0.348681818181818,0.497
"GO:0032496",49,"GO:0009617",1.99355386606578,476,"response to lipopolysaccharide","response to bacterium",0.941341346153846,0.332285714285714,0.889
"GO:0050776",22,"GO:0002376",1.99355386606578,1036,"regulation of immune response","immune system process",0.859873397435897,0.27745,0.766
"GO:0099536",5,"GO:0007154",1.99355386606578,1028,"synaptic signaling","cell communication",0.919155448717949,0.209875,0.575
"GO:0009719",51,"GO:0009725",1.98751517477689,1671,"response to endogenous stimulus","response to hormone",0.959674679487179,0.544,0.912
"GO:0048285",31,"GO:0007010",1.9844631171861,526,"organelle fission","cytoskeleton organization",0.943304487179487,0.45925,0.616
"GO:0044786",53,"GO:0044786",1.97773285776437,43,"cell cycle DNA replication","cell cycle DNA replication",0.933685897435897,0.452333333333333,0
"GO:0010721",13,"GO:0050793",1.97773285776437,314,"negative regulation of cell development","regulation of developmental process",0.849216346153846,0.325,0.699
"GO:0042098",10,"GO:0008283",1.97214324022418,246,"T cell proliferation","cell population proliferation",0.854248397435897,0.282833333333333,0.728
"GO:0050729",19,"GO:0006954",1.96330175372219,155,"positive regulation of inflammatory response","inflammatory response",0.897371794871795,0.4093125,0.82
"GO:0006909",17,"GO:0006811",1.94222339039614,241,"phagocytosis","monoatomic ion transport",0.932924679487179,0.552090909090909,0.452
"GO:0042759",30,"GO:0006629",1.94222339039614,27,"long-chain fatty acid biosynthetic process","lipid metabolic process",0.949955128205128,0.423090909090909,0.602
"GO:0035113",54,"GO:0035113",1.9386874178006,145,"embryonic appendage morphogenesis","embryonic appendage morphogenesis",0.886862179487179,0.173125,0
"GO:0030326",54,"GO:0035113",1.9386874178006,145,"embryonic limb morphogenesis","embryonic appendage morphogenesis",0.886862179487179,0.173125,0.999
"GO:0055082",28,"GO:0042592",1.93778211951761,804,"intracellular chemical homeostasis","homeostatic process",0.977453525641026,0.238,0.872
"GO:0086013",15,"GO:0065008",1.93165011362883,16,"membrane repolarization during cardiac muscle cell action potential","regulation of biological quality",0.956205128205128,0.558647058823529,0.513
"GO:0060272",48,"GO:0001501",1.93165011362883,13,"embryonic skeletal joint morphogenesis","skeletal system development",0.896333333333333,0.288285714285714,0.712
"GO:0051302",36,"GO:0051301",1.92824044444283,186,"regulation of cell division","cell division",0.945796474358974,0.2742,0.9
"GO:0140013",34,"GO:0022414",1.92824044444283,220,"meiotic nuclear division","reproductive process",0.90419391025641,0.259888888888889,0.768
"GO:0048699",7,"GO:0032502",1.92617518179854,1788,"generation of neurons","developmental process",0.842870192307692,0.433466666666667,0.545
"GO:0071322",12,"GO:0070887",1.92617518179854,209,"cellular response to carbohydrate stimulus","cellular response to chemical stimulus",0.936847756410256,0.411095238095238,0.682
"GO:0061982",34,"GO:0022414",1.92617518179854,146,"meiosis I cell cycle process","reproductive process",0.927182692307692,0.2705,0.745
"GO:0050863",18,"GO:0001775",1.92254161415922,397,"regulation of T cell activation","cell activation",0.820758012820513,0.188333333333333,0.852
"GO:0090330",35,"GO:0050817",1.9187435945418,28,"regulation of platelet aggregation","coagulation",0.830479166666667,0.2704,0.839
"GO:0003006",34,"GO:0022414",1.91595556852716,1233,"developmental process involved in reproduction","reproductive process",0.91255608974359,0.299833333333333,0.911
"GO:0050767",13,"GO:0050793",1.9159358326385,485,"regulation of neurogenesis","regulation of developmental process",0.804799679487179,0.277684210526316,0.739
"GO:0140014",31,"GO:0007010",1.90731673476088,282,"mitotic nuclear division","cytoskeleton organization",0.913043269230769,0.47705,0.576
"GO:0098813",45,"GO:1903047",1.90731673476088,328,"nuclear chromosome segregation","mitotic cell cycle process",0.929020833333333,0.250090909090909,0.766
"GO:0030855",26,"GO:0009888",1.90493526431708,824,"epithelial cell differentiation","tissue development",0.895791666666667,0.436647058823529,0.8
"GO:0050851",22,"GO:0002376",1.90224639822554,190,"antigen receptor-mediated signaling pathway","immune system process",0.846647435897436,0.32185,0.604
"GO:0042476",11,"GO:0009653",1.90083411565364,149,"odontogenesis","anatomical structure morphogenesis",0.921597756410256,0.556333333333333,0.601
"GO:0002697",22,"GO:0002376",1.89550767569834,487,"regulation of immune effector process","immune system process",0.899817307692308,0.32585,0.674
"GO:0071805",17,"GO:0006811",1.89510337480054,212,"potassium ion transmembrane transport","monoatomic ion transport",0.925040064102564,0.441575757575758,0.788
"GO:1903039",14,"GO:0007155",1.89185988527077,285,"positive regulation of leukocyte cell-cell adhesion","cell adhesion",0.91404967948718,0.204692307692308,0.796
"GO:0006576",50,"GO:0009308",1.88830818580836,112,"biogenic amine metabolic process","amine metabolic process",0.981972756410256,0.388333333333333,0.989
"GO:0015844",41,"GO:0051953",1.88830818580836,107,"monoamine transport","negative regulation of amine transport",0.944219551282051,0.264333333333333,0.506
"GO:0042102",10,"GO:0008283",1.88353163426077,113,"positive regulation of T cell proliferation","cell population proliferation",0.797128205128205,0.283083333333333,0.668
"GO:0050769",13,"GO:0050793",1.88353163426077,332,"positive regulation of neurogenesis","regulation of developmental process",0.797586538461538,0.275157894736842,0.702
"GO:0019722",6,"GO:0023052",1.87913101330981,241,"calcium-mediated signaling","signaling",0.908766025641026,0.578636363636364,0.445
"GO:0032330",26,"GO:0009888",1.87913101330981,57,"regulation of chondrocyte differentiation","tissue development",0.829144230769231,0.393705882352941,0.604
"GO:0071674",25,"GO:0048870",1.87908554217884,228,"mononuclear cell migration","cell motility",0.922358974358974,0.250642857142857,0.752
"GO:0002274",18,"GO:0001775",1.87416510165358,279,"myeloid leukocyte activation","cell activation",0.876323717948718,0.298444444444444,0.804
"GO:0070365",55,"GO:0070365",1.87268717133481,18,"hepatocyte differentiation","hepatocyte differentiation",0.892371794871795,0.436333333333333,0
"GO:0051255",45,"GO:1903047",1.87268717133481,12,"spindle midzone assembly","mitotic cell cycle process",0.931982371794872,0.413454545454545,0.563
"GO:0051231",45,"GO:1903047",1.87268717133481,12,"spindle elongation","mitotic cell cycle process",0.930955128205128,0.391878787878788,0.563
"GO:0044771",34,"GO:0022414",1.87268717133481,16,"meiotic cell cycle phase transition","reproductive process",0.937086538461538,0.385777777777778,0.587
"GO:0034330",31,"GO:0007010",1.87180239275685,945,"cell junction organization","cytoskeleton organization",0.958379807692308,0.59305,0.466
"GO:0098916",5,"GO:0007154",1.87117562286269,973,"anterograde trans-synaptic signaling","cell communication",0.919628205128205,0.208375,0.569
"GO:0007268",5,"GO:0007154",1.87117562286269,973,"chemical synaptic transmission","cell communication",0.919628205128205,0.208375,0.569
"GO:0045670",9,"GO:0048869",1.86100285480095,93,"regulation of osteoclast differentiation","cellular developmental process",0.801168269230769,0.343181818181818,0.49
"GO:0015837",41,"GO:0051953",1.86100285480095,127,"amine transport","negative regulation of amine transport",0.945790064102564,0.330416666666667,0.917
"GO:0051047",29,"GO:0051049",1.86100285480095,451,"positive regulation of secretion","regulation of transport",0.879426282051282,0.303307692307692,0.794
"GO:0071333",12,"GO:0070887",1.86025578310678,192,"cellular response to glucose stimulus","cellular response to chemical stimulus",0.917352564102564,0.413047619047619,0.676
"GO:0001819",43,"GO:0001817",1.85961385055521,543,"positive regulation of cytokine production","regulation of cytokine production",0.826171474358974,0.32225,0.939
"GO:0002237",49,"GO:0009617",1.83551692305333,494,"response to molecule of bacterial origin","response to bacterium",0.953540064102564,0.325285714285714,0.9
"GO:0035136",54,"GO:0035113",1.835494214665,47,"forelimb morphogenesis","embryonic appendage morphogenesis",0.902019230769231,0.22525,0.863
"GO:0006636",30,"GO:0006629",1.82935368581224,53,"unsaturated fatty acid biosynthetic process","lipid metabolic process",0.947349358974359,0.397181818181818,0.641
"GO:0070665",10,"GO:0008283",1.8250342453728,175,"positive regulation of leukocyte proliferation","cell population proliferation",0.908448717948718,0.265458333333333,0.703
"GO:0008207",15,"GO:0065008",1.82207504398276,45,"C21-steroid hormone metabolic process","regulation of biological quality",0.927766025641026,0.536764705882353,0.542
"GO:0006959",22,"GO:0002376",1.82207504398276,327,"humoral immune response","immune system process",0.91825641025641,0.4562,0.644
"GO:0002687",25,"GO:0048870",1.82207504398276,180,"positive regulation of leukocyte migration","cell motility",0.865088141025641,0.237071428571429,0.732
"GO:0071331",12,"GO:0070887",1.82068652213409,195,"cellular response to hexose stimulus","cellular response to chemical stimulus",0.937115384615385,0.412285714285714,0.678
"GO:0098771",28,"GO:0042592",1.82068652213409,571,"inorganic ion homeostasis","homeostatic process",0.978152243589744,0.258533333333333,0.849
"GO:0050778",22,"GO:0002376",1.8142844177527,830,"positive regulation of immune response","immune system process",0.847596153846154,0.27465,0.742
"GO:0099024",52,"GO:0006911",1.80792899655649,74,"plasma membrane invagination","phagocytosis, engulfment",0.963125,0.2374,0.987
"GO:0072001",7,"GO:0032502",1.80485800221303,390,"renal system development","developmental process",0.88994391025641,0.542933333333333,0.424
"GO:0050877",20,"GO:0003013",1.800547313435,2494,"nervous system process","circulatory system process",0.912479166666667,0.374125,0.752
"GO:0015849",17,"GO:0006811",1.78751028299895,383,"organic acid transport","monoatomic ion transport",0.944363782051282,0.530454545454546,0.499
"GO:0034767",29,"GO:0051049",1.78751028299895,181,"positive regulation of monoatomic ion transmembrane transport","regulation of transport",0.872721153846154,0.345923076923077,0.721
"GO:0050920",27,"GO:0006935",1.78751028299895,235,"regulation of chemotaxis","chemotaxis",0.896480769230769,0.236111111111111,0.917
"GO:0055001",9,"GO:0048869",1.78508550177924,249,"muscle cell development","cellular developmental process",0.907830128205128,0.485318181818182,0.554
"GO:0071326",12,"GO:0070887",1.78508550177924,197,"cellular response to monosaccharide stimulus","cellular response to chemical stimulus",0.937073717948718,0.412047619047619,0.679
"GO:0099587",32,"GO:0098660",1.78508550177924,127,"inorganic ion import across plasma membrane","inorganic ion transmembrane transport",0.932892628205128,0.323875,0.777
"GO:0098659",32,"GO:0098660",1.78508550177924,127,"inorganic cation import across plasma membrane","inorganic ion transmembrane transport",0.932857371794872,0.321625,0.776
"GO:0035108",54,"GO:0035113",1.78508550177924,182,"limb morphogenesis","embryonic appendage morphogenesis",0.888809294871795,0.16825,0.975
"GO:0035107",54,"GO:0035113",1.78508550177924,182,"appendage morphogenesis","embryonic appendage morphogenesis",0.888809294871795,0.16825,0.975
"GO:1903522",8,"GO:0051239",1.77849748849624,279,"regulation of blood circulation","regulation of multicellular organismal process",0.868134615384615,0.304777777777778,0.66
"GO:0000165",6,"GO:0023052",1.77844100737741,844,"MAPK cascade","signaling",0.89424358974359,0.504727272727273,0.55
"GO:0048771",56,"GO:0048771",1.7774513376216,222,"tissue remodeling","tissue remodeling",0.942020833333333,1,0
"GO:0061337",8,"GO:0051239",1.75573378045527,68,"cardiac conduction","regulation of multicellular organismal process",0.878955128205128,0.340666666666667,0.583
"GO:0048662",10,"GO:0008283",1.75118616097183,75,"negative regulation of smooth muscle cell proliferation","cell population proliferation",0.924924679487179,0.456166666666667,0.634
"GO:0007059",45,"GO:1903047",1.74923603284931,433,"chromosome segregation","mitotic cell cycle process",0.928671474358974,0.250818181818182,0.788
"GO:0045778",46,"GO:0001503",1.74342408675503,68,"positive regulation of ossification","ossification",0.882540064102564,0.3522,0.829
"GO:0035296",15,"GO:0065008",1.7419743733364,192,"regulation of tube diameter","regulation of biological quality",0.948094551282051,0.466647058823529,0.629
"GO:0097746",15,"GO:0065008",1.7419743733364,192,"blood vessel diameter maintenance","regulation of biological quality",0.885512820512821,0.466647058823529,0.629
"GO:0035150",15,"GO:0065008",1.7419743733364,193,"regulation of tube size","regulation of biological quality",0.948081730769231,0.466470588235294,0.63
"GO:0007049",45,"GO:1903047",1.74188136626037,1716,"cell cycle","mitotic cell cycle process",0.930871794871795,0.322848484848485,0.866
"GO:0051960",13,"GO:0050793",1.73637178374878,593,"regulation of nervous system development","regulation of developmental process",0.823102564102564,0.335315789473684,0.76
"GO:0051130",31,"GO:0007010",1.72614276916997,1317,"positive regulation of cellular component organization","cytoskeleton organization",0.890483974358974,0.50715,0.473
"GO:0071692",38,"GO:0008608",1.72614276916997,452,"protein localization to extracellular region","attachment of spindle microtubules to kinetochore",0.939977564102564,0.49125,0.43
"GO:1903131",9,"GO:0048869",1.72614276916997,574,"mononuclear cell differentiation","cellular developmental process",0.894746794871795,0.342090909090909,0.631
"GO:0048667",11,"GO:0009653",1.72261385132484,695,"cell morphogenesis involved in neuron differentiation","anatomical structure morphogenesis",0.845985576923077,0.400222222222222,0.733
"GO:0035115",54,"GO:0035113",1.72261385132484,36,"embryonic forelimb morphogenesis","embryonic appendage morphogenesis",0.900142628205128,0.2295,0.885
"GO:0050870",14,"GO:0007155",1.72075249700846,259,"positive regulation of T cell activation","cell adhesion",0.801408653846154,0.210076923076923,0.789
"GO:0051256",45,"GO:1903047",1.71405457541969,9,"mitotic spindle midzone assembly","mitotic cell cycle process",0.92525641025641,0.35369696969697,0.662
"GO:0016042",30,"GO:0006629",1.71204581645082,348,"lipid catabolic process","lipid metabolic process",0.972091346153846,0.446,0.786
"GO:0090068",45,"GO:1903047",1.71015157079098,276,"positive regulation of cell cycle process","mitotic cell cycle process",0.883605769230769,0.342363636363636,0.732
"GO:0060047",20,"GO:0003013",1.7095976672079,246,"heart contraction","circulatory system process",0.918285256410256,0.3000625,0.917
"GO:1902285",11,"GO:0009653",1.70618636984682,4,"semaphorin-plexin signaling pathway involved in neuron projection guidance","anatomical structure morphogenesis",0.840040064102564,0.533777777777778,0.425
"GO:1902287",11,"GO:0009653",1.70618636984682,4,"semaphorin-plexin signaling pathway involved in axon guidance","anatomical structure morphogenesis",0.839697115384615,0.521888888888889,0.425
"GO:0009790",4,"GO:0032501",1.70605094624875,1392,"embryo development","multicellular organismal process",0.875208333333333,0.3904,0.445
"GO:0050864",18,"GO:0001775",1.70572357351877,148,"regulation of B cell activation","cell activation",0.837677884615385,0.243944444444444,0.757
"GO:0006334",57,"GO:0006334",1.69711596240115,62,"nucleosome assembly","nucleosome assembly",0.967724358974359,1,0
"GO:0030182",7,"GO:0032502",1.69395679262885,1699,"neuron differentiation","developmental process",0.844416666666667,0.4408,0.535
"GO:0002429",22,"GO:0002376",1.69075032516655,302,"immune response-activating cell surface receptor signaling pathway","immune system process",0.840213141025641,0.3012,0.638
"GO:0033046",45,"GO:1903047",1.69075032516655,55,"negative regulation of sister chromatid segregation","mitotic cell cycle process",0.87743108974359,0.244727272727273,0.641
"GO:0033048",45,"GO:1903047",1.69075032516655,55,"negative regulation of mitotic sister chromatid segregation","mitotic cell cycle process",0.874086538461538,0.227606060606061,0.768
"GO:2000816",45,"GO:1903047",1.69075032516655,55,"negative regulation of mitotic sister chromatid separation","mitotic cell cycle process",0.873144230769231,0.209787878787879,0.768
"GO:0045841",45,"GO:1903047",1.69075032516655,55,"negative regulation of mitotic metaphase/anaphase transition","mitotic cell cycle process",0.870533653846154,0.186666666666667,0.768
"GO:0046928",29,"GO:0051049",1.68617664055708,111,"regulation of neurotransmitter secretion","regulation of transport",0.872423076923077,0.385846153846154,0.69
"GO:0038178",22,"GO:0002376",1.68371018008969,1,"complement component C5a signaling pathway","immune system process",0.890229166666667,0.5243,0.39
"GO:2001301",30,"GO:0006629",1.68371018008969,4,"lipoxin biosynthetic process","lipid metabolic process",0.97592467948718,0.513909090909091,0.528
"GO:0042471",39,"GO:0048732",1.68371018008969,151,"ear morphogenesis","gland development",0.882110576923077,0.4131,0.444
"GO:0010700",41,"GO:0051953",1.68371018008969,8,"negative regulation of norepinephrine secretion","negative regulation of amine transport",0.884264423076923,0.2225,0.895
"GO:0051276",31,"GO:0007010",1.68369805037064,614,"chromosome organization","cytoskeleton organization",0.946168269230769,0.53005,0.637
"GO:0045132",34,"GO:0022414",1.66095138725543,109,"meiotic chromosome segregation","reproductive process",0.905088141025641,0.298388888888889,0.709
"GO:0048839",39,"GO:0048732",1.65679173168302,245,"inner ear development","gland development",0.925213141025641,0.4268,0.468
"GO:0051962",13,"GO:0050793",1.6437697338103,397,"positive regulation of nervous system development","regulation of developmental process",0.815639423076923,0.329894736842105,0.719
"GO:0061035",26,"GO:0009888",1.63866282336801,77,"regulation of cartilage development","tissue development",0.839399038461538,0.391882352941176,0.623
"GO:1905818",45,"GO:1903047",1.63866282336801,78,"regulation of chromosome separation","mitotic cell cycle process",0.900387820512821,0.251636363636364,0.66
"GO:0097164",58,"GO:0097164",1.6334624480225,27,"ammonium ion metabolic process","ammonium ion metabolic process",0.987528846153846,1,0
"GO:0060438",39,"GO:0048732",1.6334624480225,22,"trachea development","gland development",0.912112179487179,0.678,0.376
"GO:0002063",26,"GO:0009888",1.6334624480225,36,"chondrocyte development","tissue development",0.878983974358974,0.455176470588235,0.569
"GO:0008360",13,"GO:0050793",1.6334624480225,146,"regulation of cell shape","regulation of developmental process",0.867866987179487,0.443684210526316,0.646
"GO:0072091",10,"GO:0008283",1.6334624480225,107,"regulation of stem cell proliferation","cell population proliferation",0.934157051282051,0.429625,0.645
"GO:0007189",16,"GO:0007186",1.6334624480225,180,"adenylate cyclase-activating G protein-coupled receptor signaling pathway","G protein-coupled receptor signaling pathway",0.908967948717949,0.424,0.765
"GO:0051928",17,"GO:0006811",1.6334624480225,142,"positive regulation of calcium ion transport","monoatomic ion transport",0.889503205128205,0.420939393939394,0.724
"GO:0006835",44,"GO:0015711",1.6334624480225,112,"dicarboxylic acid transport","organic anion transport",0.948612179487179,0.4168,0.85
"GO:0006941",20,"GO:0003013",1.6334624480225,181,"striated muscle contraction","circulatory system process",0.9260625,0.3950625,0.595
"GO:0060099",52,"GO:0006911",1.6334624480225,20,"regulation of phagocytosis, engulfment","phagocytosis, engulfment",0.886347756410256,0.2474,0.932
"GO:0050433",41,"GO:0051953",1.6334624480225,57,"regulation of catecholamine secretion","negative regulation of amine transport",0.892451923076923,0.14625,0.876
"GO:0030888",18,"GO:0001775",1.63119544820861,73,"regulation of B cell proliferation","cell activation",0.829897435897436,0.290944444444444,0.702
"GO:0046942",17,"GO:0006811",1.62541546836722,381,"carboxylic acid transport","monoatomic ion transport",0.942423076923077,0.531090909090909,0.498
"GO:0045839",31,"GO:0007010",1.62541546836722,65,"negative regulation of mitotic nuclear division","cytoskeleton organization",0.878594551282051,0.4753,0.492
"GO:0022604",13,"GO:0050793",1.62541546836722,284,"regulation of cell morphogenesis","regulation of developmental process",0.87688141025641,0.412052631578947,0.693
"GO:0010543",35,"GO:0050817",1.62541546836722,49,"regulation of platelet activation","coagulation",0.834453525641026,0.2624,0.88
"GO:1905819",45,"GO:1903047",1.62541546836722,57,"negative regulation of chromosome separation","mitotic cell cycle process",0.893358974358974,0.240666666666667,0.645
"GO:1902100",45,"GO:1903047",1.62541546836722,57,"negative regulation of metaphase/anaphase transition of cell cycle","mitotic cell cycle process",0.876121794871795,0.23069696969697,0.645
"GO:0051315",38,"GO:0008608",1.62430766932447,25,"attachment of mitotic spindle microtubules to kinetochore","attachment of spindle microtubules to kinetochore",0.882887820512821,0.395875,0.95
"GO:0086091",8,"GO:0051239",1.62430766932447,37,"regulation of heart rate by cardiac conduction","regulation of multicellular organismal process",0.879097756410256,0.391777777777778,0.52
"GO:1903975",59,"GO:1903975",1.62430766932447,26,"regulation of glial cell migration","regulation of glial cell migration",0.853442307692308,0.36025,0
"GO:0043568",21,"GO:0010646",1.61109967346052,11,"positive regulation of insulin-like growth factor receptor signaling pathway","regulation of cell communication",0.911331730769231,0.57,0.441
"GO:0009448",24,"GO:0006690",1.61109967346052,8,"gamma-aminobutyric acid metabolic process","icosanoid metabolic process",0.960314102564103,0.451684210526316,0.54
"GO:0008315",34,"GO:0022414",1.61109967346052,7,"G2/MI transition of meiotic cell cycle","reproductive process",0.939775641025641,0.411444444444445,0.546
"GO:0060048",20,"GO:0003013",1.6097697443072,136,"cardiac muscle contraction","circulatory system process",0.921633012820513,0.257875,0.844
"GO:0002252",22,"GO:0002376",1.60421650729204,878,"immune effector process","immune system process",0.938947115384615,0.38135,0.733
"GO:0044772",45,"GO:1903047",1.60344302383649,455,"mitotic cell cycle phase transition","mitotic cell cycle process",0.930939102564103,0.279242424242424,0.924
"GO:0002768",22,"GO:0002376",1.58910185303987,320,"immune response-regulating cell surface receptor signaling pathway","immune system process",0.851115384615385,0.3093,0.643
"GO:0030261",31,"GO:0007010",1.5889990805565,44,"chromosome condensation","cytoskeleton organization",0.957379807692308,0.63445,0.475
"GO:1902624",25,"GO:0048870",1.5889990805565,52,"positive regulation of neutrophil migration","cell motility",0.879222756410256,0.251,0.631
"GO:0032635",43,"GO:0001817",1.5879360060515,182,"interleukin-6 production","regulation of cytokine production",0.911799679487179,0.377875,0.759
"GO:0032675",43,"GO:0001817",1.5879360060515,173,"regulation of interleukin-6 production","regulation of cytokine production",0.866483974358974,0.371125,0.778
"GO:0000819",45,"GO:1903047",1.58427545025903,230,"sister chromatid segregation","mitotic cell cycle process",0.913203525641026,0.252909090909091,0.736
"GO:0001889",55,"GO:0070365",1.57784888063205,187,"liver development","hepatocyte differentiation",0.894123397435897,0.385666666666667,0.847
"GO:0044839",45,"GO:1903047",1.57784888063205,161,"cell cycle G2/M phase transition","mitotic cell cycle process",0.938166666666667,0.359878787878788,0.7
"GO:0048659",10,"GO:0008283",1.57659221123274,210,"smooth muscle cell proliferation","cell population proliferation",0.965855769230769,0.442416666666667,0.704
"GO:0051937",41,"GO:0051953",1.57659221123274,87,"catecholamine transport","negative regulation of amine transport",0.945108974358974,0.253333333333333,0.495
"GO:0006706",30,"GO:0006629",1.56814622940397,24,"steroid catabolic process","lipid metabolic process",0.976714743589744,0.536727272727273,0.603
"GO:1904427",17,"GO:0006811",1.56814622940397,99,"positive regulation of calcium ion transmembrane transport","monoatomic ion transport",0.877491987179487,0.433454545454545,0.698
"GO:0031347",19,"GO:0006954",1.56814622940397,874,"regulation of defense response","inflammatory response",0.906152243589744,0.429,0.74
"GO:0015867",44,"GO:0015711",1.56814622940397,25,"ATP transport","organic anion transport",0.951770833333333,0.4274,0.736
"GO:0003081",20,"GO:0003013",1.56814622940397,34,"regulation of systemic arterial blood pressure by renin-angiotensin","circulatory system process",0.899267628205128,0.3724375,0.748
"GO:0072672",25,"GO:0048870",1.56814622940397,16,"neutrophil extravasation","cell motility",0.936951923076923,0.3325,0.568
"GO:0048705",48,"GO:0001501",1.56814622940397,269,"skeletal system morphogenesis","skeletal system development",0.876237179487179,0.283428571428571,0.902
"GO:0010965",45,"GO:1903047",1.56814622940397,64,"regulation of mitotic sister chromatid separation","mitotic cell cycle process",0.88242467948718,0.225848484848485,0.78
"GO:0097530",25,"GO:0048870",1.56814622940397,170,"granulocyte migration","cell motility",0.923714743589744,0.213071428571429,0.72
"GO:0051985",45,"GO:1903047",1.56482852998726,59,"negative regulation of chromosome segregation","mitotic cell cycle process",0.894296474358974,0.259727272727273,0.646
"GO:0008610",30,"GO:0006629",1.5619481327718,715,"lipid biosynthetic process","lipid metabolic process",0.967410256410256,0.395454545454546,0.863
"GO:0009607",49,"GO:0009617",1.5619481327718,1956,"response to biotic stimulus","response to bacterium",0.953689102564103,0.294571428571429,0.852
"GO:0008277",16,"GO:0007186",1.56163470136156,157,"regulation of G protein-coupled receptor signaling pathway","G protein-coupled receptor signaling pathway",0.9026875,0.482666666666667,0.751
"GO:0090075",20,"GO:0003013",1.55328692620923,35,"relaxation of muscle","circulatory system process",0.937379807692308,0.4911875,0.499
"GO:0055002",9,"GO:0048869",1.54884701975306,215,"striated muscle cell development","cellular developmental process",0.909052884615385,0.491954545454545,0.544
"GO:0042445",15,"GO:0065008",1.54884701975306,270,"hormone metabolic process","regulation of biological quality",0.932565705128205,0.463882352941176,0.668
"GO:0048608",7,"GO:0032502",1.54542113240504,386,"reproductive structure development","developmental process",0.875209935897436,0.5542,0.406
"GO:0031589",14,"GO:0007155",1.54190746640129,377,"cell-substrate adhesion","cell adhesion",0.970546474358974,0.344538461538462,0.821
"GO:0042447",15,"GO:0065008",1.53823105097996,14,"hormone catabolic process","regulation of biological quality",0.945177884615385,0.566764705882353,0.495
"GO:0042692",9,"GO:0048869",1.53823105097996,491,"muscle cell differentiation","cellular developmental process",0.906689102564103,0.530681818181818,0.609
"GO:0010744",13,"GO:0050793",1.53823105097996,15,"positive regulation of macrophage derived foam cell differentiation","regulation of developmental process",0.882730769230769,0.493421052631579,0.528
"GO:1902358",32,"GO:0098660",1.53823105097996,16,"sulfate transmembrane transport","inorganic ion transmembrane transport",0.943810897435897,0.433,0.681
"GO:0002246",19,"GO:0006954",1.53823105097996,10,"wound healing involved in inflammatory response","inflammatory response",0.958730769230769,0.4229375,0.657
"GO:0000022",45,"GO:1903047",1.53823105097996,10,"mitotic spindle elongation","mitotic cell cycle process",0.925570512820513,0.358939393939394,0.667
"GO:0072498",48,"GO:0001501",1.53823105097996,16,"embryonic skeletal joint development","skeletal system development",0.906033653846154,0.324857142857143,0.724
"GO:0090331",35,"GO:0050817",1.53823105097996,11,"negative regulation of platelet aggregation","coagulation",0.819350961538462,0.3018,0.788
"GO:0060070",6,"GO:0023052",1.53201436383367,312,"canonical Wnt signaling pathway","signaling",0.90430608974359,0.589727272727273,0.476
"GO:0001822",7,"GO:0032502",1.53201436383367,375,"kidney development","developmental process",0.883508012820513,0.528866666666667,0.42
"GO:0048668",11,"GO:0009653",1.53201436383367,35,"collateral sprouting","anatomical structure morphogenesis",0.86263141025641,0.515222222222222,0.522
"GO:0009306",38,"GO:0008608",1.53201436383367,443,"protein secretion","attachment of spindle microtubules to kinetochore",0.921971153846154,0.491625,0.429
"GO:0035592",38,"GO:0008608",1.53201436383367,446,"establishment of protein localization to extracellular region","attachment of spindle microtubules to kinetochore",0.936581730769231,0.491625,0.429
"GO:0010975",31,"GO:0007010",1.53201436383367,584,"regulation of neuron projection development","cytoskeleton organization",0.806459935897436,0.45045,0.425
"GO:0072089",10,"GO:0008283",1.53201436383367,149,"stem cell proliferation","cell population proliferation",0.965923076923077,0.436208333333333,0.684
"GO:0033033",60,"GO:0033033",1.53201436383367,24,"negative regulation of myeloid cell apoptotic process","negative regulation of myeloid cell apoptotic process",0.944907051282051,0.415,0
"GO:0070168",26,"GO:0009888",1.53201436383367,27,"negative regulation of biomineral tissue development","tissue development",0.847512820512821,0.401529411764706,0.569
"GO:0002703",22,"GO:0002376",1.53201436383367,319,"regulation of leukocyte mediated immunity","immune system process",0.90399358974359,0.35615,0.634
"GO:1904064",29,"GO:0051049",1.53201436383367,163,"positive regulation of cation transmembrane transport","regulation of transport",0.873532051282051,0.351538461538462,0.713
"GO:0035282",33,"GO:0009952",1.53201436383367,118,"segmentation","anterior/posterior pattern specification",0.905514423076923,0.3292,0.789
"GO:0051304",45,"GO:1903047",1.53201436383367,88,"chromosome separation","mitotic cell cycle process",0.935036858974359,0.292121212121212,0.667
"GO:1905153",52,"GO:0006911",1.53201436383367,21,"regulation of membrane invagination","phagocytosis, engulfment",0.933439102564103,0.2546,0.901
"GO:1990266",25,"GO:0048870",1.53201436383367,128,"neutrophil migration","cell motility",0.925604166666667,0.2225,0.695
"GO:0009628",61,"GO:0009628",1.52756654249823,1345,"response to abiotic stimulus","response to abiotic stimulus",0.960908653846154,0.560333333333333,0
"GO:0050853",22,"GO:0002376",1.51977997906808,56,"B cell receptor signaling pathway","immune system process",0.860044871794872,0.379,0.537
"GO:0051707",49,"GO:0009617",1.51977997906808,1909,"response to other organism","response to bacterium",0.944745192307692,0.292142857142857,0.856
"GO:0019725",28,"GO:0042592",1.51977997906808,911,"cellular homeostasis","homeostatic process",0.978155448717949,0.267733333333333,0.888
"GO:0090596",39,"GO:0048732",1.51370847895951,341,"sensory organ morphogenesis","gland development",0.913467948717949,0.4128,0.478
"GO:0086003",42,"GO:0030029",1.51370847895951,73,"cardiac muscle cell contraction","actin filament-based process",0.911746794871795,0.36975,0.775
"GO:0032465",36,"GO:0051301",1.51370847895951,90,"regulation of cytokinesis","cell division",0.904173076923077,0.296,0.859
"GO:0055074",28,"GO:0042592",1.51370847895951,365,"calcium ion homeostasis","homeostatic process",0.978552884615385,0.2688,0.805
"GO:0015872",41,"GO:0051953",1.51370847895951,55,"dopamine transport","negative regulation of amine transport",0.947421474358974,0.268,0.474
"GO:0043207",49,"GO:0009617",1.51119391956421,1913,"response to external biotic stimulus","response to bacterium",0.944733974358974,0.292142857142857,0.856
"GO:0061008",55,"GO:0070365",1.49097145915677,190,"hepaticobiliary system development","hepatocyte differentiation",0.901314102564103,0.386666666666667,0.844
"GO:0031644",8,"GO:0051239",1.49015297824159,173,"regulation of nervous system process","regulation of multicellular organismal process",0.883017628205128,0.393666666666667,0.596
"GO:1903532",29,"GO:0051049",1.48598180909732,399,"positive regulation of secretion by cell","regulation of transport",0.867157051282051,0.307307692307692,0.784
"GO:0034764",29,"GO:0051049",1.4850793361356,255,"positive regulation of transmembrane transport","regulation of transport",0.87519391025641,0.334846153846154,0.742
"GO:0018958",62,"GO:0018958",1.47995323352919,139,"phenol-containing compound metabolic process","phenol-containing compound metabolic process",0.983225961538462,0.370666666666667,0
"GO:0034109",14,"GO:0007155",1.47995323352919,93,"homotypic cell-cell adhesion","cell adhesion",0.970996794871795,0.34,0.701
"GO:1902751",45,"GO:1903047",1.4774930996163,32,"positive regulation of cell cycle G2/M phase transition","mitotic cell cycle process",0.898532051282051,0.394121212121212,0.607
"GO:0008584",34,"GO:0022414",1.46930491644654,187,"male gonad development","reproductive process",0.878052884615385,0.364722222222222,0.727
"GO:1902533",21,"GO:0010646",1.46440321704823,1203,"positive regulation of intracellular signal transduction","regulation of cell communication",0.861352564102564,0.3415,0.768
"GO:0016310",63,"GO:0016310",1.4632212674153,1637,"phosphorylation","phosphorylation",0.964483974358974,1,0
"GO:0042063",59,"GO:1903975",1.4632212674153,417,"gliogenesis","regulation of glial cell migration",0.866967948717949,0.44075,0.778
"GO:0045137",34,"GO:0022414",1.4632212674153,300,"development of primary sexual characteristics","reproductive process",0.882934294871795,0.340777777777778,0.771
"GO:0061458",7,"GO:0032502",1.46210391944103,391,"reproductive system development","developmental process",0.890875,0.5538,0.407
"GO:0071840",31,"GO:0007010",1.45794269197207,7089,"cellular component organization or biogenesis","cytoskeleton organization",0.947165064102564,0.47265,0.63
"GO:0007423",39,"GO:0048732",1.44874878725005,722,"sensory organ development","gland development",0.917767628205128,0.4143,0.521
"GO:0042113",18,"GO:0001775",1.4460734046749,323,"B cell activation","cell activation",0.873240384615385,0.264944444444444,0.82
"GO:0008016",8,"GO:0051239",1.44554100447104,205,"regulation of heart contraction","regulation of multicellular organismal process",0.869641025641026,0.308888888888889,0.644
"GO:0050432",41,"GO:0051953",1.44554100447104,69,"catecholamine secretion","negative regulation of amine transport",0.929464743589744,0.24875,0.478
"GO:0099505",15,"GO:0065008",1.44483362842439,33,"regulation of presynaptic membrane potential","regulation of biological quality",0.956498397435897,0.567705882352941,0.512
"GO:0050832",49,"GO:0009617",1.44483362842439,64,"defense response to fungus","response to bacterium",0.953764423076923,0.498142857142857,0.575
"GO:1902033",10,"GO:0008283",1.44483362842439,19,"regulation of hematopoietic stem cell proliferation","cell population proliferation",0.880870192307692,0.493125,0.554
"GO:0010996",61,"GO:0009628",1.44483362842439,32,"response to auditory stimulus","response to abiotic stimulus",0.963116987179487,0.455666666666667,0.68
"GO:0048873",28,"GO:0042592",1.44483362842439,53,"homeostasis of number of cells within a tissue","homeostatic process",0.933173076923077,0.405733333333333,0.634
"GO:0071173",45,"GO:1903047",1.44483362842439,53,"spindle assembly checkpoint signaling","mitotic cell cycle process",0.864264423076923,0.333636363636364,0.641
"GO:0071174",45,"GO:1903047",1.44483362842439,55,"mitotic spindle checkpoint signaling","mitotic cell cycle process",0.862761217948718,0.313272727272727,0.767
"GO:0007094",45,"GO:1903047",1.44483362842439,53,"mitotic spindle assembly checkpoint signaling","mitotic cell cycle process",0.835309294871795,0.170363636363636,0.765
"GO:0071624",25,"GO:0048870",1.44452530721991,41,"positive regulation of granulocyte chemotaxis","cell motility",0.842802884615385,0.279714285714286,0.619
"GO:1901698",12,"GO:0070887",1.44421688682551,1238,"response to nitrogen compound","cellular response to chemical stimulus",0.948482371794872,0.469571428571429,0.651
"GO:0046546",34,"GO:0022414",1.44045541278738,188,"development of primary male sexual characteristics","reproductive process",0.888330128205128,0.364277777777778,0.728
"GO:0001894",28,"GO:0042592",1.43639995658896,301,"tissue homeostasis","homeostatic process",0.922963141025641,0.3164,0.753
"GO:0060249",28,"GO:0042592",1.43639995658896,301,"anatomical structure homeostasis","homeostatic process",0.922945512820513,0.316266666666667,0.753
"GO:0001990",20,"GO:0003013",1.42550648304074,48,"regulation of systemic arterial blood pressure by hormone","circulatory system process",0.896798076923077,0.35825,0.768
"GO:0036336",25,"GO:0048870",1.42550648304074,35,"dendritic cell migration","cell motility",0.933605769230769,0.350428571428571,0.621
"GO:0015718",17,"GO:0006811",1.42372496197051,194,"monocarboxylic acid transport","monoatomic ion transport",0.947599358974359,0.575484848484848,0.444
"GO:1903305",17,"GO:0006811",1.42372496197051,162,"regulation of regulated secretory pathway","monoatomic ion transport",0.889807692307692,0.454333333333333,0.431
"GO:1901990",45,"GO:1903047",1.42372496197051,354,"regulation of mitotic cell cycle phase transition","mitotic cell cycle process",0.894142628205128,0.267090909090909,0.899
"GO:1901699",12,"GO:0070887",1.42371153011897,726,"cellular response to nitrogen compound","cellular response to chemical stimulus",0.931280448717949,0.423761904761905,0.804
"GO:0051588",29,"GO:0051049",1.4187913641655,132,"regulation of neurotransmitter transport","regulation of transport",0.91230608974359,0.418384615384615,0.701
"GO:1903707",13,"GO:0050793",1.4187913641655,131,"negative regulation of hemopoiesis","regulation of developmental process",0.786304487179487,0.351368421052632,0.638
"GO:0002275",18,"GO:0001775",1.4187913641655,114,"myeloid cell activation involved in immune response","cell activation",0.857958333333333,0.346777777777778,0.738
"GO:0060349",48,"GO:0001501",1.4187913641655,115,"bone morphogenesis","skeletal system development",0.8850625,0.321428571428571,0.834
"GO:0035270",7,"GO:0032502",1.41756481799811,155,"endocrine system development","developmental process",0.9025,0.632733333333333,0.358
"GO:0017157",17,"GO:0006811",1.41756481799811,225,"regulation of exocytosis","monoatomic ion transport",0.886464743589744,0.43669696969697,0.446
"GO:0042129",10,"GO:0008283",1.41756481799811,200,"regulation of T cell proliferation","cell population proliferation",0.814011217948718,0.267791666666667,0.704
"GO:0002695",18,"GO:0001775",1.41756481799811,204,"negative regulation of leukocyte activation","cell activation",0.823096153846154,0.245055555555556,0.784
"GO:0001655",7,"GO:0032502",1.41109991243232,76,"urogenital system development","developmental process",0.906777243589744,0.6514,0.335
"GO:0051784",31,"GO:0007010",1.41109991243232,77,"negative regulation of nuclear division","cytoskeleton organization",0.905711538461538,0.47545,0.498
"GO:0051306",45,"GO:1903047",1.41109991243232,67,"mitotic sister chromatid separation","mitotic cell cycle process",0.914342948717949,0.252515151515151,0.784
"GO:0070252",42,"GO:0030029",1.41092994802392,103,"actin-mediated cell contraction","actin filament-based process",0.983767628205128,0.36125,0.792
"GO:0045669",46,"GO:0001503",1.41092994802392,79,"positive regulation of osteoblast differentiation","ossification",0.845320512820513,0.3486,0.836
"GO:0051781",36,"GO:0051301",1.41092994802392,92,"positive regulation of cell division","cell division",0.933621794871795,0.3054,0.842
"GO:0006270",53,"GO:0044786",1.40591769921828,35,"DNA replication initiation","cell cycle DNA replication",0.983326923076923,0.517666666666667,0.775
"GO:0033032",60,"GO:0033033",1.40591769921828,39,"regulation of myeloid cell apoptotic process","negative regulation of myeloid cell apoptotic process",0.95374358974359,0.40675,0.976
"GO:0006887",17,"GO:0006811",1.40576711058434,399,"exocytosis","monoatomic ion transport",0.921921474358974,0.446878787878788,0.49
"GO:0006491",64,"GO:0006491",1.39415312628619,17,"N-glycan processing","N-glycan processing",0.985838141025641,1,0
"GO:0043651",40,"GO:0120254",1.39415312628619,31,"linoleic acid metabolic process","olefinic compound metabolic process",0.952407051282051,0.577,0.846
"GO:0048865",65,"GO:0048865",1.39415312628619,9,"stem cell fate commitment","stem cell fate commitment",0.935485576923077,0.509,0
"GO:0002232",19,"GO:0006954",1.39415312628619,8,"leukocyte chemotaxis involved in inflammatory response","inflammatory response",0.89000641025641,0.501,0.657
"GO:0019532",44,"GO:0015711",1.39415312628619,7,"oxalate transport","organic anion transport",0.958711538461538,0.4948,0.669
"GO:0010463",10,"GO:0008283",1.39415312628619,58,"mesenchymal cell proliferation","cell population proliferation",0.968677884615385,0.485541666666667,0.626
"GO:0031223",61,"GO:0009628",1.39415312628619,14,"auditory behavior","response to abiotic stimulus",0.920807692307692,0.469333333333333,0.639
"GO:0006814",17,"GO:0006811",1.39415312628619,260,"sodium ion transport","monoatomic ion transport",0.94213782051282,0.453272727272727,0.791
"GO:0051897",21,"GO:0010646",1.39415312628619,211,"positive regulation of phosphatidylinositol 3-kinase/protein kinase B signal transduction","regulation of cell communication",0.886633012820513,0.447666666666667,0.592
"GO:0002248",19,"GO:0006954",1.39415312628619,6,"connective tissue replacement involved in inflammatory response wound healing","inflammatory response",0.917766025641026,0.442,0.631
"GO:0090066",15,"GO:0065008",1.39415312628619,593,"regulation of anatomical structure size","regulation of biological quality",0.943583333333333,0.441529411764706,0.714
"GO:2001214",23,"GO:0035295",1.39415312628619,11,"positive regulation of vasculogenesis","tube development",0.856288461538461,0.441,0.597
"GO:0045647",9,"GO:0048869",1.39415312628619,11,"negative regulation of erythrocyte differentiation","cellular developmental process",0.807592948717949,0.437863636363636,0.407
"GO:0032730",43,"GO:0001817",1.39415312628619,8,"positive regulation of interleukin-1 alpha production","regulation of cytokine production",0.881065705128205,0.43725,0.603
"GO:0042402",50,"GO:0009308",1.39415312628619,15,"cellular biogenic amine catabolic process","amine metabolic process",0.982948717948718,0.433333333333333,0.854
"GO:0033028",60,"GO:0033033",1.39415312628619,47,"myeloid cell apoptotic process","negative regulation of myeloid cell apoptotic process",0.98501282051282,0.42375,0.95
"GO:1904124",59,"GO:1903975",1.39415312628619,8,"microglial cell migration","regulation of glial cell migration",0.86036858974359,0.35925,0.836
"GO:1904139",59,"GO:1903975",1.39415312628619,7,"regulation of microglial cell migration","regulation of glial cell migration",0.833383012820513,0.33275,0.945
"GO:0031577",45,"GO:1903047",1.39415312628619,59,"spindle checkpoint signaling","mitotic cell cycle process",0.863616987179487,0.330909090909091,0.644
"GO:0030278",46,"GO:0001503",1.39415312628619,148,"regulation of ossification","ossification",0.889834935897436,0.3256,0.881
"GO:0050854",22,"GO:0002376",1.39215483494771,68,"regulation of antigen receptor-mediated signaling pathway","immune system process",0.857189102564103,0.3753,0.541
"GO:0010324",52,"GO:0006911",1.39215483494771,82,"membrane invagination","phagocytosis, engulfment",0.962975961538462,0.2386,0.982
"GO:0030100",29,"GO:0051049",1.39180826687801,355,"regulation of endocytosis","regulation of transport",0.861604166666667,0.373384615384615,0.78
"GO:0003015",20,"GO:0003013",1.38891107578979,256,"heart process","circulatory system process",0.9181875,0.3006875,0.919
"GO:0060173",54,"GO:0035113",1.38277735439855,221,"limb development","embryonic appendage morphogenesis",0.894690705128205,0.176125,0.959
"GO:0048736",54,"GO:0035113",1.38277735439855,221,"appendage development","embryonic appendage morphogenesis",0.894690705128205,0.176125,0.959
"GO:0001678",28,"GO:0042592",1.38259457196131,211,"intracellular glucose homeostasis","homeostatic process",0.979897435897436,0.335866666666667,0.734
"GO:0045667",46,"GO:0001503",1.37637815080327,164,"regulation of osteoblast differentiation","ossification",0.8508125,0.3252,0.882
"GO:0002699",22,"GO:0002376",1.37189278953338,324,"positive regulation of immune effector process","immune system process",0.888871794871795,0.3269,0.641
"GO:0007264",6,"GO:0023052",1.3718215427408,444,"small GTPase-mediated signal transduction","signaling",0.903557692307692,0.552181818181818,0.481
"GO:0090594",19,"GO:0006954",1.37154289492911,31,"inflammatory response to wounding","inflammatory response",0.956022435897436,0.391,0.719
"GO:0003044",20,"GO:0003013",1.37154289492911,58,"regulation of systemic arterial blood pressure mediated by a chemical signal","circulatory system process",0.895104166666667,0.3498125,0.783
"GO:0006874",28,"GO:0042592",1.37154289492911,339,"intracellular calcium ion homeostasis","homeostatic process",0.978035256410256,0.251533333333333,0.798
"GO:0014059",41,"GO:0051953",1.37154289492911,31,"regulation of dopamine secretion","negative regulation of amine transport",0.882229166666667,0.168833333333333,0.836
"GO:0022612",39,"GO:0048732",1.36860740440481,163,"gland morphogenesis","gland development",0.918722756410256,0.5348,0.885
"GO:0009749",12,"GO:0070887",1.36021227696203,254,"response to glucose","cellular response to chemical stimulus",0.953064102564103,0.451095238095238,0.526
"GO:0008406",34,"GO:0022414",1.35924218261313,296,"gonad development","reproductive process",0.872182692307692,0.3415,0.769
"GO:0043603",66,"GO:0043603",1.33957339198524,466,"amide metabolic process","amide metabolic process",0.9833125,1,0
"GO:0000086",45,"GO:1903047",1.3390811670734,143,"G2/M transition of mitotic cell cycle","mitotic cell cycle process",0.935996794871795,0.328242424242424,0.83
"GO:0010464",10,"GO:0008283",1.3339095771159,44,"regulation of mesenchymal cell proliferation","cell population proliferation",0.938855769230769,0.477291666666667,0.595
"GO:0014046",41,"GO:0051953",1.3339095771159,38,"dopamine secretion","negative regulation of amine transport",0.892105769230769,0.264416666666667,0.457
"GO:0007379",33,"GO:0009952",1.33357273146256,21,"segment specification","anterior/posterior pattern specification",0.918044871794872,0.3964,0.687
"GO:0051782",36,"GO:0051301",1.33357273146256,16,"negative regulation of cell division","cell division",0.945190705128205,0.3662,0.74
"GO:1902622",25,"GO:0048870",1.32954094776539,63,"regulation of neutrophil migration","cell motility",0.890099358974359,0.243428571428571,0.644
"GO:0045671",9,"GO:0048869",1.32564205831635,41,"negative regulation of osteoclast differentiation","cellular developmental process",0.803495192307692,0.369863636363636,0.452
"GO:0006584",62,"GO:0018958",1.32564205831635,66,"catecholamine metabolic process","phenol-containing compound metabolic process",0.980272435897436,0.352333333333333,0.944
"GO:0009712",62,"GO:0018958",1.32564205831635,66,"catechol-containing compound metabolic process","phenol-containing compound metabolic process",0.983892628205128,0.352333333333333,0.944
"GO:0120035",31,"GO:0007010",1.32547398563091,786,"regulation of plasma membrane bounded cell projection organization","cytoskeleton organization",0.9114375,0.4422,0.442
"GO:0150076",19,"GO:0006954",1.32125902238503,91,"neuroinflammatory response","inflammatory response",0.958049679487179,0.4446875,0.796
"GO:0014074",12,"GO:0070887",1.31954314704268,163,"response to purine-containing compound","cellular response to chemical stimulus",0.957535256410256,0.547285714285714,0.506
"GO:0001906",67,"GO:0001906",1.30893504477294,295,"cell killing","cell killing",0.984592948717949,0.510666666666667,0
"GO:0030216",39,"GO:0048732",1.3060952221748,169,"keratinocyte differentiation","gland development",0.903197115384615,0.5778,0.444
"GO:0007088",31,"GO:0007010",1.3060952221748,125,"regulation of mitotic nuclear division","cytoskeleton organization",0.882725961538462,0.4567,0.518
"GO:0061564",31,"GO:0007010",1.30404945098233,587,"axon development","cytoskeleton organization",0.833282051282051,0.5161,0.432
"GO:0007127",34,"GO:0022414",1.30404945098233,139,"meiosis I","reproductive process",0.907027243589744,0.272055555555556,0.737
"GO:0006578",68,"GO:0006578",1.30138197748278,6,"amino-acid betaine biosynthetic process","amino-acid betaine biosynthetic process",0.97518108974359,1,0
"GO:1900141",60,"GO:0033033",1.30138197748278,4,"regulation of oligodendrocyte apoptotic process","negative regulation of myeloid cell apoptotic process",0.961254807692308,0.6955,0.414
"GO:2001300",30,"GO:0006629",1.30138197748278,6,"lipoxin metabolic process","lipid metabolic process",0.978533653846154,0.540545454545455,0.54
"GO:0001806",19,"GO:0006954",1.30138197748278,5,"type IV hypersensitivity","inflammatory response",0.928886217948718,0.5354375,0.617
"GO:0048866",65,"GO:0048865",1.30138197748278,6,"stem cell fate specification","stem cell fate commitment",0.936860576923077,0.509,0.982
"GO:1905413",29,"GO:0051049",1.30138197748278,5,"regulation of dense core granule exocytosis","regulation of transport",0.90805608974359,0.486923076923077,0.556
"GO:0032875",53,"GO:0044786",1.30138197748278,4,"regulation of DNA endoreduplication","cell cycle DNA replication",0.915214743589744,0.486666666666667,0.868
"GO:0031175",31,"GO:0007010",1.30138197748278,1226,"neuron projection development","cytoskeleton organization",0.819857371794872,0.47445,0.475
"GO:1904669",44,"GO:0015711",1.30138197748278,10,"ATP export","organic anion transport",0.955532051282051,0.457,0.673
"GO:1901748",24,"GO:0006690",1.30138197748278,3,"leukotriene D4 metabolic process","icosanoid metabolic process",0.956115384615385,0.440052631578947,0.766
"GO:0090634",67,"GO:0001906",1.30138197748278,5,"microglial cell mediated cytotoxicity","cell killing",0.949197115384615,0.422,0.734
"GO:1904149",67,"GO:0001906",1.30138197748278,5,"regulation of microglial cell mediated cytotoxicity","cell killing",0.919950320512821,0.422,0.734
"GO:0007057",34,"GO:0022414",1.30138197748278,5,"spindle assembly involved in female meiosis I","reproductive process",0.922288461538462,0.416333333333333,0.541
"GO:0009449",24,"GO:0006690",1.30138197748278,6,"gamma-aminobutyric acid biosynthetic process","icosanoid metabolic process",0.95869391025641,0.412210526315789,0.52
"GO:1901342",23,"GO:0035295",1.30138197748278,326,"regulation of vasculature development","tube development",0.833219551282051,0.386,0.387
