"go","cluster","parent","score","size","term","parentTerm","termUniqueness","termUniquenessWithinCluster","termDispensability"
"GO:0009987",1,"GO:0009987",28.2427312716068,17654,"cellular process","cellular process",0.965564705882353,1,0
"GO:0022402",2,"GO:0022402",14.3074385490147,1327,"cell cycle process","cell cycle process",0.723917647058824,0.238705882352941,0
"GO:0006260",3,"GO:0006260",13.7709721209418,273,"DNA replication","DNA replication",0.7635,0.328857142857143,0
"GO:0007049",2,"GO:0022402",13.7709721209418,1716,"cell cycle","cell cycle process",0.731882352941176,0.258676470588235,0.949
"GO:0051276",4,"GO:0051276",12.5784045612437,614,"chromosome organization","chromosome organization",0.882594117647059,0.402,0
"GO:0006261",3,"GO:0006260",12.4768818618657,156,"DNA-templated DNA replication","DNA replication",0.767676470588235,0.329114285714286,0.958
"GO:0006139",5,"GO:0006139",12.4046639016881,5523,"nucleobase-containing compound metabolic process","nucleobase-containing compound metabolic process",0.7854,0.313666666666667,0
"GO:0006259",3,"GO:0006260",11.5108247991165,978,"DNA metabolic process","DNA replication",0.746276470588235,0.337857142857143,0.811
"GO:1903047",2,"GO:0022402",10.8714285805193,766,"mitotic cell cycle process","cell cycle process",0.728141176470588,0.238529411764706,0.898
"GO:0090304",5,"GO:0006139",10.0704883080764,4943,"nucleic acid metabolic process","nucleobase-containing compound metabolic process",0.777964705882353,0.298111111111111,0.887
"GO:0000278",2,"GO:0022402",9.49393658932877,897,"mitotic cell cycle","cell cycle process",0.736194117647059,0.258205882352941,0.859
"GO:0006310",3,"GO:0006260",8.98208605719219,341,"DNA recombination","DNA replication",0.763152941176471,0.349685714285714,0.703
"GO:0000280",4,"GO:0051276",8.59535854767064,468,"nuclear division","chromosome organization",0.880305882352941,0.453083333333333,0.556
"GO:0006974",6,"GO:0006974",7.89728265153546,907,"DNA damage response","DNA damage response",0.898741176470588,0.3054,0
"GO:0006281",6,"GO:0006974",7.67153086372728,596,"DNA repair","DNA damage response",0.705494117647059,0.3118,0.93
"GO:0010564",2,"GO:0022402",7.39221767420349,780,"regulation of cell cycle process","cell cycle process",0.703047058823529,0.204852941176471,0.894
"GO:0065007",7,"GO:0065007",7.20718748662716,13267,"biological regulation","biological regulation",0.945570588235294,0.6558,0
"GO:0051321",8,"GO:0051321",7.12355218236966,361,"meiotic cell cycle","meiotic cell cycle",0.748788235294118,0.193444444444444,0
"GO:0050789",7,"GO:0065007",6.93563187986241,12842,"regulation of biological process","biological regulation",0.940376470588235,0.6352,0.565
"GO:0048285",4,"GO:0051276",6.90669355595308,526,"organelle fission","chromosome organization",0.880058823529412,0.449583333333333,0.562
"GO:0006270",3,"GO:0006260",6.85096120477177,35,"DNA replication initiation","DNA replication",0.792494117647059,0.384942857142857,0.837
"GO:0050794",7,"GO:0065007",6.47608035758427,12182,"regulation of cellular process","biological regulation",0.910705882352941,0.6328,0.521
"GO:0007059",2,"GO:0022402",6.36812535011164,433,"chromosome segregation","cell cycle process",0.740494117647059,0.300352941176471,0.851
"GO:0032508",4,"GO:0051276",6.31889891675123,69,"DNA duplex unwinding","chromosome organization",0.899547058823529,0.434666666666667,0.774
"GO:0010948",2,"GO:0022402",6.083003219573,330,"negative regulation of cell cycle process","cell cycle process",0.700376470588235,0.215264705882353,0.808
"GO:0098813",2,"GO:0022402",6.03369330231709,328,"nuclear chromosome segregation","cell cycle process",0.744658823529412,0.314264705882353,0.826
"GO:1903046",8,"GO:0051321",5.81109399982306,249,"meiotic cell cycle process","meiotic cell cycle",0.741723529411765,0.185777777777778,0.977
"GO:0032392",4,"GO:0051276",5.79987337690066,75,"DNA geometric change","chromosome organization",0.898341176470588,0.429166666666667,0.786
"GO:0044786",3,"GO:0006260",5.68064398942297,43,"cell cycle DNA replication","DNA replication",0.614770588235294,0.370285714285714,0.829
"GO:0000070",2,"GO:0022402",5.54306500380159,190,"mitotic sister chromatid segregation","cell cycle process",0.686194117647059,0.295647058823529,0.781
"GO:0051726",2,"GO:0022402",5.54306500380159,1113,"regulation of cell cycle","cell cycle process",0.708805882352941,0.224058823529412,0.874
"GO:0044238",9,"GO:0044238",5.40608153818163,10239,"primary metabolic process","primary metabolic process",0.840158823529412,0.513384615384615,0
"GO:1901988",2,"GO:0022402",5.33369644855412,286,"negative regulation of cell cycle phase transition","cell cycle process",0.695194117647059,0.180941176470588,0.796
"GO:0045786",2,"GO:0022402",5.19716207273641,413,"negative regulation of cell cycle","cell cycle process",0.7078,0.236117647058824,0.775
"GO:0071103",4,"GO:0051276",5.09750371601589,84,"DNA conformation change","chromosome organization",0.897505882352941,0.426666666666667,0.795
"GO:0044770",2,"GO:0022402",5.03493791167391,578,"cell cycle phase transition","cell cycle process",0.730747058823529,0.214147058823529,0.859
"GO:0140014",4,"GO:0051276",5.00322668266228,282,"mitotic nuclear division","chromosome organization",0.697747058823529,0.477166666666667,0.528
"GO:1901987",2,"GO:0022402",5.00322668266228,475,"regulation of cell cycle phase transition","cell cycle process",0.705582352941176,0.182235294117647,0.838
"GO:0051301",10,"GO:0051301",4.97221445602007,641,"cell division","cell division",0.971847058823529,0.413666666666667,0
"GO:0006302",6,"GO:0006974",4.88459249081605,312,"double-strand break repair","DNA damage response",0.724876470588235,0.352,0.854
"GO:0008152",9,"GO:0044238",4.77780506474113,11667,"metabolic process","primary metabolic process",0.865588235294118,0.582384615384615,0.674
"GO:0000226",11,"GO:0000226",4.68741974085557,686,"microtubule cytoskeleton organization","microtubule cytoskeleton organization",0.871847058823529,0.265083333333333,0
"GO:0033260",3,"GO:0006260",4.65311230890083,38,"nuclear DNA replication","DNA replication",0.617205882352941,0.372971428571429,0.822
"GO:0000725",3,"GO:0006260",4.38950529308535,183,"recombinational repair","DNA replication",0.727141176470588,0.359371428571429,0.662
"GO:0034654",5,"GO:0006139",4.38950529308535,4589,"nucleobase-containing compound biosynthetic process","nucleobase-containing compound metabolic process",0.781658823529412,0.291,0.847
"GO:0044772",2,"GO:0022402",4.25383736729596,455,"mitotic cell cycle phase transition","cell cycle process",0.728170588235294,0.205323529411765,0.832
"GO:0140013",8,"GO:0051321",4.2216880344314,220,"meiotic nuclear division","meiotic cell cycle",0.700552941176471,0.186777777777778,0.961
"GO:1901991",2,"GO:0022402",4.18600926490031,191,"negative regulation of mitotic cell cycle phase transition","cell cycle process",0.696829411764706,0.180705882352941,0.763
"GO:0000819",2,"GO:0022402",4.16444948272539,230,"sister chromatid segregation","cell cycle process",0.704647058823529,0.335617647058824,0.791
"GO:1902969",3,"GO:0006260",4.05091299100068,16,"mitotic DNA replication","DNA replication",0.631476470588235,0.405685714285714,0.768
"GO:0000075",2,"GO:0022402",4.02358782746813,218,"cell cycle checkpoint signaling","cell cycle process",0.671629411764706,0.189764705882353,0.778
"GO:0000086",2,"GO:0022402",3.92536991799221,143,"G2/M transition of mitotic cell cycle","cell cycle process",0.747611764705882,0.254705882352941,0.741
"GO:0044839",2,"GO:0022402",3.87518850833432,161,"cell cycle G2/M phase transition","cell cycle process",0.753541176470588,0.272764705882353,0.75
"GO:0007346",2,"GO:0022402",3.85611591926729,527,"regulation of mitotic cell cycle","cell cycle process",0.716529411764706,0.229088235294118,0.789
"GO:1901990",2,"GO:0022402",3.69900982533967,354,"regulation of mitotic cell cycle phase transition","cell cycle process",0.704788235294118,0.176735294117647,0.808
"GO:0051310",12,"GO:0051310",3.69556535630784,102,"metaphase chromosome alignment","metaphase chromosome alignment",0.754658823529412,0.27,0
"GO:0051716",13,"GO:0051716",3.66630301973936,8443,"cellular response to stimulus","cellular response to stimulus",0.920247058823529,0.6625,0
"GO:0000724",3,"GO:0006260",3.61830341506404,178,"double-strand break repair via homologous recombination","DNA replication",0.726970588235294,0.3606,0.66
"GO:0006271",3,"GO:0006260",3.61781586293663,13,"DNA strand elongation involved in DNA replication","DNA replication",0.810870588235294,0.441085714285714,0.772
"GO:0035825",3,"GO:0006260",3.60763446518804,64,"homologous recombination","DNA replication",0.793188235294118,0.414885714285714,0.603
"GO:0007010",4,"GO:0051276",3.57605600310547,1537,"cytoskeleton organization","chromosome organization",0.876423529411765,0.463416666666667,0.637
"GO:0061982",8,"GO:0051321",3.48052975009949,146,"meiosis I cell cycle process","meiotic cell cycle",0.750352941176471,0.197111111111111,0.936
"GO:0007098",11,"GO:0000226",3.42108815769156,139,"centrosome cycle","microtubule cytoskeleton organization",0.719276470588235,0.288416666666667,0.837
"GO:0045787",2,"GO:0022402",3.37394275215141,360,"positive regulation of cell cycle","cell cycle process",0.734776470588235,0.295411764705882,0.758
"GO:0007093",2,"GO:0022402",3.34092634711602,160,"mitotic cell cycle checkpoint signaling","cell cycle process",0.672929411764706,0.188676470588235,0.752
"GO:0031570",2,"GO:0022402",3.3381215391343,140,"DNA integrity checkpoint signaling","cell cycle process",0.682535294117647,0.212088235294118,0.743
"GO:0045930",2,"GO:0022402",3.32191629789513,249,"negative regulation of mitotic cell cycle","cell cycle process",0.708105882352941,0.224352941176471,0.732
"GO:0006268",4,"GO:0051276",3.31351081939563,21,"DNA unwinding involved in DNA replication","chromosome organization",0.7177,0.47525,0.709
"GO:1902749",2,"GO:0022402",3.31351081939563,125,"regulation of cell cycle G2/M phase transition","cell cycle process",0.731964705882353,0.245735294117647,0.73
"GO:0090068",2,"GO:0022402",3.18335342009083,276,"positive regulation of cell cycle process","cell cycle process",0.726964705882353,0.271352941176471,0.787
"GO:0045005",3,"GO:0006260",3.15304479165914,56,"DNA-templated DNA replication maintenance of fidelity","DNA replication",0.787517647058824,0.377457142857143,0.868
"GO:0019219",9,"GO:0044238",3.15304479165914,3889,"regulation of nucleobase-containing compound metabolic process","primary metabolic process",0.754894117647059,0.322615384615385,0.579
"GO:0007017",11,"GO:0000226",3.00157239410042,1047,"microtubule-based process","microtubule cytoskeleton organization",0.932617647058824,0.308916666666667,0.935
"GO:0010389",2,"GO:0022402",3.00157239410042,111,"regulation of G2/M transition of mitotic cell cycle","cell cycle process",0.726358823529412,0.227617647058823,0.721
"GO:0042770",6,"GO:0006974",2.98585372643807,196,"signal transduction in response to DNA damage","DNA damage response",0.878164705882353,0.4068,0.794
"GO:0006284",3,"GO:0006260",2.94943267065175,43,"base-excision repair","DNA replication",0.769205882352941,0.469657142857143,0.594
"GO:0048519",7,"GO:0065007",2.92196583471405,5908,"negative regulation of biological process","biological regulation",0.908582352941177,0.6222,0.325
"GO:0008608",12,"GO:0051310",2.92196583471405,51,"attachment of spindle microtubules to kinetochore","metaphase chromosome alignment",0.7678,0.2965,0.946
"GO:0051303",12,"GO:0051310",2.87291873043198,117,"establishment of chromosome localization","metaphase chromosome alignment",0.964335294117647,0.27,0.989
"GO:0007051",11,"GO:0000226",2.85653353419187,204,"spindle organization","microtubule cytoskeleton organization",0.713817647058824,0.267583333333333,0.853
"GO:0048523",7,"GO:0065007",2.82622372418034,5402,"negative regulation of cellular process","biological regulation",0.8844,0.6136,0.31
"GO:0140527",3,"GO:0006260",2.82622372418034,57,"reciprocal homologous recombination","DNA replication",0.7948,0.418714285714286,0.597
"GO:0007131",3,"GO:0006260",2.82622372418034,57,"reciprocal meiotic recombination","DNA replication",0.551511764705882,0.412742857142857,0.597
"GO:0031023",11,"GO:0000226",2.82622372418034,153,"microtubule organizing center organization","microtubule cytoskeleton organization",0.883876470588235,0.285416666666667,0.846
"GO:0000077",2,"GO:0022402",2.81622092170132,132,"DNA damage checkpoint signaling","cell cycle process",0.654247058823529,0.219264705882353,0.734
"GO:0031297",3,"GO:0006260",2.80286894081627,51,"replication fork processing","DNA replication",0.788705882352941,0.380428571428571,0.863
"GO:0048856",14,"GO:0048856",2.74784598163095,6568,"anatomical structure development","anatomical structure development",0.975541176470588,0.5155,0
"GO:0032502",14,"GO:0048856",2.7434329451398,7078,"developmental process","anatomical structure development",0.976705882352941,0.53025,0.815
"GO:0007127",8,"GO:0051321",2.74067522493946,139,"meiosis I","meiotic cell cycle",0.709141176470588,0.194444444444444,0.928
"GO:0006996",4,"GO:0051276",2.60870199748155,3707,"organelle organization","chromosome organization",0.877235294117647,0.402666666666667,0.719
"GO:0050000",12,"GO:0051310",2.46201482545566,124,"chromosome localization","metaphase chromosome alignment",0.981335294117647,0.272,0.985
"GO:0071897",3,"GO:0006260",2.45486706949972,175,"DNA biosynthetic process","DNA replication",0.772047058823529,0.428685714285714,0.653
"GO:2001141",9,"GO:0044238",2.4213869533477,3313,"regulation of RNA biosynthetic process","primary metabolic process",0.724011764705882,0.306538461538462,0.553
"GO:0006357",5,"GO:0006139",2.37369743812789,2560,"regulation of transcription by RNA polymerase II","nucleobase-containing compound metabolic process",0.737458823529412,0.309222222222222,0.719
"GO:0045934",9,"GO:0044238",2.35251744831877,1537,"negative regulation of nucleobase-containing compound metabolic process","primary metabolic process",0.754694117647059,0.334692307692308,0.447
"GO:0006355",9,"GO:0044238",2.33607567507458,3302,"regulation of DNA-templated transcription","primary metabolic process",0.723023529411765,0.306615384615385,0.553
"GO:0044774",2,"GO:0022402",2.32965129031826,88,"mitotic DNA integrity checkpoint signaling","cell cycle process",0.687729411764706,0.220794117647059,0.707
"GO:0051255",11,"GO:0000226",2.28602565324307,12,"spindle midzone assembly","microtubule cytoskeleton organization",0.759164705882353,0.382166666666667,0.671
"GO:0016446",15,"GO:0016446",2.28602565324307,15,"somatic hypermutation of immunoglobulin genes","somatic hypermutation of immunoglobulin genes",0.874123529411765,0.275333333333333,0
"GO:1902292",3,"GO:0006260",2.25745717196412,5,"cell cycle DNA replication initiation","DNA replication",0.663723529411765,0.429371428571429,0.711
"GO:1902315",3,"GO:0006260",2.25745717196412,5,"nuclear cell cycle DNA replication initiation","DNA replication",0.663547058823529,0.428514285714286,0.711
"GO:1902975",3,"GO:0006260",2.25745717196412,5,"mitotic DNA replication initiation","DNA replication",0.653935294117647,0.4256,0.711
"GO:1902679",9,"GO:0044238",2.23553444061783,1306,"negative regulation of RNA biosynthetic process","primary metabolic process",0.727358823529412,0.32,0.433
"GO:0050896",13,"GO:0051716",2.18868856785941,10589,"response to stimulus","cellular response to stimulus",0.954823529411765,0.6625,0.675
"GO:0051052",3,"GO:0006260",2.17616170777423,501,"regulation of DNA metabolic process","DNA replication",0.7354,0.366257142857143,0.729
"GO:0051298",11,"GO:0000226",2.17616170777423,78,"centrosome duplication","microtubule cytoskeleton organization",0.730829411764706,0.308666666666667,0.796
"GO:0009314",16,"GO:0009314",2.14776387169323,474,"response to radiation","response to radiation",0.965841176470588,0.5505,0
"GO:0006298",3,"GO:0006260",2.10885884162666,25,"mismatch repair","DNA replication",0.776870588235294,0.485085714285714,0.574
"GO:0032774",5,"GO:0006139",2.10462071773865,4193,"RNA biosynthetic process","nucleobase-containing compound metabolic process",0.7543,0.260777777777778,0.834
"GO:0051225",11,"GO:0000226",2.09696933639973,135,"spindle assembly","microtubule cytoskeleton organization",0.7154,0.2825,0.81
"GO:0045892",9,"GO:0044238",2.08896801611867,1297,"negative regulation of DNA-templated transcription","primary metabolic process",0.726635294117647,0.320384615384615,0.433
"GO:0000122",9,"GO:0044238",2.05855880056002,984,"negative regulation of transcription by RNA polymerase II","primary metabolic process",0.738611764705882,0.358153846153846,0.4
"GO:0007052",11,"GO:0000226",2.04599043094591,131,"mitotic spindle organization","microtubule cytoskeleton organization",0.713323529411765,0.286666666666667,0.814
"GO:0010212",16,"GO:0009314",1.99546432895489,158,"response to ionizing radiation","response to radiation",0.968576470588235,0.5505,0.899
"GO:0002566",15,"GO:0016446",1.99546432895489,16,"somatic diversification of immune receptors via somatic mutation","somatic hypermutation of immunoglobulin genes",0.9657,0.284833333333333,0.997
"GO:0016070",5,"GO:0006139",1.99072267347004,4400,"RNA metabolic process","nucleobase-containing compound metabolic process",0.778847058823529,0.277555555555556,0.849
"GO:0006351",5,"GO:0006139",1.96951430562889,3428,"DNA-templated transcription","nucleobase-containing compound metabolic process",0.758905882352941,0.267666666666667,0.799
"GO:0044773",2,"GO:0022402",1.90583460330082,84,"mitotic DNA damage checkpoint signaling","cell cycle process",0.660070588235294,0.226558823529412,0.7
"GO:0071840",4,"GO:0051276",1.88331892658478,7089,"cellular component organization or biogenesis","chromosome organization",0.897535294117647,0.506333333333333,0.551
"GO:0006793",17,"GO:0006793",1.88331892658478,2605,"phosphorus metabolic process","phosphorus metabolic process",0.867358823529412,0.459333333333333,0
"GO:0048304",15,"GO:0016446",1.83114556628083,13,"positive regulation of isotype switching to IgG isotypes","somatic hypermutation of immunoglobulin genes",0.750494117647059,0.301166666666667,0.771
"GO:0045132",8,"GO:0051321",1.8271682749724,109,"meiotic chromosome segregation","meiotic cell cycle",0.709305882352941,0.218777777777778,0.898
"GO:0006796",17,"GO:0006793",1.80207472185671,2602,"phosphate-containing compound metabolic process","phosphorus metabolic process",0.867358823529412,0.459,0.966
"GO:0090329",3,"GO:0006260",1.79413467431654,43,"regulation of DNA-templated DNA replication","DNA replication",0.765341176470588,0.374057142857143,0.843
"GO:0044283",18,"GO:0044283",1.79146557545626,617,"small molecule biosynthetic process","small molecule biosynthetic process",0.880947058823529,0.6005,0
"GO:0033554",6,"GO:0006974",1.79146557545626,1926,"cellular response to stress","DNA damage response",0.902729411764706,0.358,0.895
"GO:0090307",11,"GO:0000226",1.78737222625627,77,"mitotic spindle assembly","microtubule cytoskeleton organization",0.6975,0.30275,0.772
"GO:0006366",5,"GO:0006139",1.67050129984577,2658,"transcription by RNA polymerase II","nucleobase-containing compound metabolic process",0.770758823529412,0.298555555555556,0.733
"GO:0000731",3,"GO:0006260",1.66995785229267,37,"DNA synthesis involved in DNA repair","DNA replication",0.761129411764706,0.456542857142857,0.584
"GO:0036297",3,"GO:0006260",1.66675791369623,37,"interstrand cross-link repair","DNA replication",0.776623529411765,0.484685714285714,0.574
"GO:0051054",3,"GO:0006260",1.66675791369623,312,"positive regulation of DNA metabolic process","DNA replication",0.746947058823529,0.3976,0.685
"GO:0010830",14,"GO:0048856",1.66391383650973,45,"regulation of myotube differentiation","anatomical structure development",0.944058823529412,0.76125,0.328
"GO:0000096",19,"GO:0000096",1.66391383650973,32,"sulfur amino acid metabolic process","sulfur amino acid metabolic process",0.896017647058823,0.464,0
"GO:0006312",3,"GO:0006260",1.66391383650973,25,"mitotic recombination","DNA replication",0.808329411764706,0.459971428571429,0.566
"GO:0006279",3,"GO:0006260",1.65603147850287,6,"premeiotic DNA replication","DNA replication",0.649035294117647,0.440285714285714,0.711
"GO:0043170",9,"GO:0044238",1.63898341403261,9579,"macromolecule metabolic process","primary metabolic process",0.842047058823529,0.538615384615385,0.61
"GO:0032501",20,"GO:0032501",1.60227354986579,8756,"multicellular organismal process","multicellular organismal process",0.986858823529412,1,0
"GO:0019953",8,"GO:0051321",1.60227354986579,1229,"sexual reproduction","meiotic cell cycle",0.950770588235294,0.293,0.866
"GO:0045830",15,"GO:0016446",1.60227354986579,31,"positive regulation of isotype switching","somatic hypermutation of immunoglobulin genes",0.729041176470588,0.260333333333333,0.826
"GO:0045910",3,"GO:0006260",1.56840390997315,53,"negative regulation of DNA recombination","DNA replication",0.744523529411765,0.4094,0.591
"GO:1902751",2,"GO:0022402",1.56840390997315,32,"positive regulation of cell cycle G2/M phase transition","cell cycle process",0.753917647058824,0.310058823529412,0.644
"GO:0051053",3,"GO:0006260",1.55923717277802,134,"negative regulation of DNA metabolic process","DNA replication",0.738547058823529,0.424257142857143,0.642
"GO:0051445",8,"GO:0051321",1.55923717277802,66,"regulation of meiotic cell cycle","meiotic cell cycle",0.756347058823529,0.300333333333333,0.841
"GO:0051302",10,"GO:0051301",1.55599844301085,186,"regulation of cell division","cell division",0.943952941176471,0.381333333333333,0.9
"GO:0080090",9,"GO:0044238",1.54949221214943,5641,"regulation of primary metabolic process","primary metabolic process",0.801423529411765,0.370384615384615,0.641
"GO:0051252",9,"GO:0044238",1.54758205935853,3586,"regulation of RNA metabolic process","primary metabolic process",0.747564705882353,0.305846153846154,0.564
"GO:0016043",4,"GO:0051276",1.52825465458354,6878,"cellular component organization","chromosome organization",0.8965,0.5005,0.559
"GO:0007288",11,"GO:0000226",1.52509626896446,34,"sperm axoneme assembly","microtubule cytoskeleton organization",0.861752941176471,0.424333333333333,0.723
"GO:0010807",21,"GO:0010807",1.50719203114592,15,"regulation of synaptic vesicle priming","regulation of synaptic vesicle priming",0.897858823529412,1,0
"GO:0042276",3,"GO:0006260",1.50719203114592,10,"error-prone translesion synthesis","DNA replication",0.780788235294118,0.489342857142857,0.53
"GO:0000018",3,"GO:0006260",1.50719203114592,141,"regulation of DNA recombination","DNA replication",0.752270588235294,0.374857142857143,0.64
"GO:0000727",3,"GO:0006260",1.49220333066174,12,"double-strand break repair via break-induced replication","DNA replication",0.786211764705882,0.484342857142857,0.514
"GO:0006790",19,"GO:0000096",1.49220333066174,352,"sulfur compound metabolic process","sulfur amino acid metabolic process",0.890147058823529,0.415666666666667,0.829
"GO:0007275",14,"GO:0048856",1.47324806220126,5193,"multicellular organism development","anatomical structure development",0.970123529411765,0.5325,0.795
"GO:0016447",15,"GO:0016446",1.47324806220126,69,"somatic recombination of immunoglobulin gene segments","somatic hypermutation of immunoglobulin genes",0.754735294117647,0.245333333333333,0.871
"GO:0044281",18,"GO:0044283",1.46682047225396,1887,"small molecule metabolic process","small molecule biosynthetic process",0.883852941176471,0.6005,0.799
"GO:1902653",22,"GO:1902653",1.46682047225396,65,"secondary alcohol biosynthetic process","secondary alcohol biosynthetic process",0.895582352941176,0.31825,0
"GO:0006695",22,"GO:1902653",1.46682047225396,65,"cholesterol biosynthetic process","secondary alcohol biosynthetic process",0.882741176470588,0.27125,0.999
"GO:0044272",19,"GO:0000096",1.46262760723868,157,"sulfur compound biosynthetic process","sulfur amino acid metabolic process",0.886811764705882,0.432333333333333,0.779
"GO:0016445",15,"GO:0016446",1.43479519311277,76,"somatic diversification of immunoglobulins","somatic hypermutation of immunoglobulin genes",0.857270588235294,0.246333333333333,0.883
"GO:0016126",22,"GO:1902653",1.37329737828373,71,"sterol biosynthetic process","secondary alcohol biosynthetic process",0.893323529411765,0.3685,0.803
"GO:0006399",5,"GO:0006139",1.36508859264421,192,"tRNA metabolic process","nucleobase-containing compound metabolic process",0.845223529411765,0.526111111111111,0.509
"GO:0007099",11,"GO:0000226",1.34987560351752,43,"centriole replication","microtubule cytoskeleton organization",0.739994117647059,0.331666666666667,0.762
"GO:1902652",22,"GO:1902653",1.34945021773936,172,"secondary alcohol metabolic process","secondary alcohol biosynthetic process",0.903882352941176,0.3545,0.925
"GO:0051253",9,"GO:0044238",1.34945021773936,1411,"negative regulation of RNA metabolic process","primary metabolic process",0.748094117647059,0.320230769230769,0.439
"GO:0032465",10,"GO:0051301",1.34520184476367,90,"regulation of cytokinesis","cell division",0.744723529411765,0.395,0.859
"GO:0006301",3,"GO:0006260",1.34111365685811,29,"postreplication repair","DNA replication",0.773370588235294,0.471542857142857,0.577
"GO:0000076",2,"GO:0022402",1.34111365685811,18,"DNA replication checkpoint signaling","cell cycle process",0.728794117647059,0.326323529411765,0.616
"GO:0007129",8,"GO:0051321",1.34111365685811,61,"homologous chromosome pairing at meiosis","meiotic cell cycle",0.714188235294118,0.237444444444444,0.852
"GO:0009123",17,"GO:0006793",1.32452190790017,77,"nucleoside monophosphate metabolic process","phosphorus metabolic process",0.831311764705882,0.562333333333333,0.656
