"go","cluster","parent","score","size","term","parentTerm","termUniqueness","termUniquenessWithinCluster","termDispensability"
"GO:0009987",1,"GO:0009987",18.4541014180139,17654,"cellular process","cellular process",0.966368,1,0
"GO:0050896",2,"GO:0050896",14.1222263513457,10589,"response to stimulus","response to stimulus",0.932148,0.555,0
"GO:0051716",2,"GO:0050896",12.6517268277129,8443,"cellular response to stimulus","response to stimulus",0.900876,0.583,0.675
"GO:0065007",3,"GO:0065007",9.10271240989216,13267,"biological regulation","biological regulation",0.939444,0.63625,0
"GO:0023052",4,"GO:0023052",7.72607353249959,7371,"signaling","signaling",0.909996,0.396,0
"GO:0007154",5,"GO:0007154",7.31767686276541,7407,"cell communication","cell communication",0.927764,0.508285714285714,0
"GO:0007165",4,"GO:0023052",7.14373057480101,6749,"signal transduction","signaling",0.845932,0.383142857142857,0.85
"GO:0050789",3,"GO:0065007",7.07495452723589,12842,"regulation of biological process","biological regulation",0.933444,0.617,0.565
"GO:0070887",6,"GO:0070887",5.89349165001244,2591,"cellular response to chemical stimulus","cellular response to chemical stimulus",0.906064,0.3732,0
"GO:0043436",7,"GO:0043436",5.89349165001244,1009,"oxoacid metabolic process","oxoacid metabolic process",0.89234,0.223071428571429,0
"GO:0006082",7,"GO:0043436",5.84605652647287,1015,"organic acid metabolic process","oxoacid metabolic process",0.892344,0.223857142857143,0.985
"GO:0019752",7,"GO:0043436",5.84605652647287,988,"carboxylic acid metabolic process","oxoacid metabolic process",0.892344,0.222571428571429,0.985
"GO:0050794",3,"GO:0065007",5.82895349385034,12182,"regulation of cellular process","biological regulation",0.904548,0.63325,0.521
"GO:0051234",8,"GO:0051234",5.55007182988369,4819,"establishment of localization","establishment of localization",0.910716,0.410521739130435,0
"GO:0032787",7,"GO:0043436",5.26415251462903,734,"monocarboxylic acid metabolic process","oxoacid metabolic process",0.894644,0.229642857142857,0.939
"GO:0006629",9,"GO:0006629",5.22145316028171,1461,"lipid metabolic process","lipid metabolic process",0.93304,0.4528,0
"GO:0032501",10,"GO:0032501",4.97987765879607,8756,"multicellular organismal process","multicellular organismal process",0.94198,0.7195,0
"GO:0051179",8,"GO:0051234",4.9795700196018,5499,"localization","establishment of localization",0.915432,0.444173913043478,0.866
"GO:0044281",7,"GO:0043436",4.83950280573322,1887,"small molecule metabolic process","oxoacid metabolic process",0.916948,0.2995,0.876
"GO:0006810",8,"GO:0051234",4.50984942034553,4516,"transport","establishment of localization",0.909116,0.397869565217391,0.899
"GO:0098657",8,"GO:0051234",3.68255061989526,966,"import into cell","establishment of localization",0.92134,0.489869565217391,0.632
"GO:0006631",7,"GO:0043436",3.68255061989526,478,"fatty acid metabolic process","oxoacid metabolic process",0.885768,0.247642857142857,0.898
"GO:0044786",11,"GO:0044786",3.68255061989526,43,"cell cycle DNA replication","cell cycle DNA replication",0.84544,0.2201,0
"GO:0006897",8,"GO:0051234",3.45394294611531,736,"endocytosis","establishment of localization",0.900488,0.441826086956522,0.607
"GO:0042221",6,"GO:0070887",3.27012118254807,4689,"response to chemical","cellular response to chemical stimulus",0.930332,0.4161,0.824
"GO:0035556",4,"GO:0023052",3.19340443961217,3047,"intracellular signal transduction","signaling",0.858164,0.459714285714286,0.7
"GO:0032635",12,"GO:0032635",3.11050184593482,182,"interleukin-6 production","interleukin-6 production",0.89248,0.3553,0
"GO:0032675",12,"GO:0032635",3.11050184593482,173,"regulation of interleukin-6 production","interleukin-6 production",0.853048,0.3494,0.987
"GO:0006909",8,"GO:0051234",3.09335599129674,241,"phagocytosis","establishment of localization",0.909572,0.503608695652174,0.517
"GO:0006271",11,"GO:0044786",3.09335599129674,13,"DNA strand elongation involved in DNA replication","cell cycle DNA replication",0.944996,0.3786,0.723
"GO:1901700",6,"GO:0070887",3.09335599129674,2065,"response to oxygen-containing compound","cellular response to chemical stimulus",0.932964,0.3357,0.704
"GO:0033260",11,"GO:0044786",3.09335599129674,38,"nuclear DNA replication","cell cycle DNA replication",0.846272,0.2197,0.993
"GO:0006690",7,"GO:0043436",3.08956104663096,156,"icosanoid metabolic process","oxoacid metabolic process",0.906724,0.309214285714286,0.793
"GO:0050727",13,"GO:0050727",3.01044144910576,403,"regulation of inflammatory response","regulation of inflammatory response",0.895588,0.329,0
"GO:0032612",12,"GO:0032635",2.8672514264509,131,"interleukin-1 production","interleukin-6 production",0.891544,0.2818,0.617
"GO:0032652",12,"GO:0032635",2.8672514264509,125,"regulation of interleukin-1 production","interleukin-6 production",0.85286,0.2766,0.612
"GO:1901701",6,"GO:0070887",2.79988151616528,1482,"cellular response to oxygen-containing compound","cellular response to chemical stimulus",0.90914,0.3071,0.878
"GO:0000070",14,"GO:0000070",2.75951390662259,190,"mitotic sister chromatid segregation","mitotic sister chromatid segregation",0.828156,0.246942857142857,0
"GO:0023051",4,"GO:0023052",2.62944221272794,3848,"regulation of signaling","signaling",0.909804,0.380857142857143,0.736
"GO:0048584",2,"GO:0050896",2.62905326815868,2522,"positive regulation of response to stimulus","response to stimulus",0.870728,0.5792,0.467
"GO:0006793",15,"GO:0006793",2.62905326815868,2605,"phosphorus metabolic process","phosphorus metabolic process",0.91972,0.383666666666667,0
"GO:1903047",14,"GO:0000070",2.60050269835169,766,"mitotic cell cycle process","mitotic sister chromatid segregation",0.857432,0.308257142857143,0.871
"GO:0051310",16,"GO:0051310",2.60050269835169,102,"metaphase chromosome alignment","metaphase chromosome alignment",0.804656,0.2366,0
"GO:0006796",15,"GO:0006793",2.56991180751833,2602,"phosphate-containing compound metabolic process","phosphorus metabolic process",0.919736,0.383666666666667,0.966
"GO:0000280",17,"GO:0000280",2.56991180751833,468,"nuclear division","nuclear division",0.910496,0.38,0
"GO:0006954",13,"GO:0050727",2.56991180751833,887,"inflammatory response","regulation of inflammatory response",0.935648,0.32475,0.902
"GO:1903046",14,"GO:0000070",2.51270060845802,249,"meiotic cell cycle process","mitotic sister chromatid segregation",0.869392,0.355342857142857,0.657
"GO:0046649",18,"GO:0046649",2.49463956411404,917,"lymphocyte activation","lymphocyte activation",0.859956,0.215,0
"GO:0016192",8,"GO:0051234",2.48200157460452,1623,"vesicle-mediated transport","establishment of localization",0.8935,0.406913043478261,0.714
"GO:0010646",5,"GO:0007154",2.47153583902298,3850,"regulation of cell communication","cell communication",0.88898,0.377571428571429,0.734
"GO:0032502",19,"GO:0032502",2.46488877605824,7078,"developmental process","developmental process",0.984836,0.5,0
"GO:0045321",18,"GO:0046649",2.45301098023339,1109,"leukocyte activation","lymphocyte activation",0.859284,0.2208,0.966
"GO:0048285",17,"GO:0000280",2.43034468441292,526,"organelle fission","nuclear division",0.910664,0.379375,0.984
"GO:0010647",5,"GO:0007154",2.43034468441292,2099,"positive regulation of cell communication","cell communication",0.878888,0.316,0.632
"GO:0008608",16,"GO:0051310",2.43034468441292,51,"attachment of spindle microtubules to kinetochore","metaphase chromosome alignment",0.814744,0.2472,0.946
"GO:0006790",20,"GO:0006790",2.38221052918881,352,"sulfur compound metabolic process","sulfur compound metabolic process",0.93772,1,0
"GO:0023056",4,"GO:0023052",2.37738003468562,2099,"positive regulation of signaling","signaling",0.898392,0.441857142857143,0.635
"GO:0016042",21,"GO:0016042",2.36021090520805,348,"lipid catabolic process","lipid catabolic process",0.934236,0.488428571428571,0
"GO:0051276",17,"GO:0000280",2.33418170065179,614,"chromosome organization","nuclear division",0.91466,0.52125,0.556
"GO:0033559",9,"GO:0006629",2.33418170065179,158,"unsaturated fatty acid metabolic process","lipid metabolic process",0.897364,0.4314,0.716
"GO:1902969",11,"GO:0044786",2.33418170065179,16,"mitotic DNA replication","cell cycle DNA replication",0.849432,0.2471,0.936
"GO:0050853",22,"GO:0050853",2.27906988337,56,"B cell receptor signaling pathway","B cell receptor signaling pathway",0.835612,0.346764705882353,0
"GO:0002366",22,"GO:0050853",2.21762224786255,339,"leukocyte activation involved in immune response","B cell receptor signaling pathway",0.842112,0.39,0.525
"GO:0051301",23,"GO:0051301",2.21236686006836,641,"cell division","cell division",0.978944,1,0
"GO:0006811",8,"GO:0051234",2.21236686006836,1286,"monoatomic ion transport","establishment of localization",0.920256,0.464173913043478,0.687
"GO:0009967",5,"GO:0007154",2.20356630176471,1711,"positive regulation of signal transduction","cell communication",0.833844,0.311,0.613
"GO:0015711",8,"GO:0051234",2.19781711147158,477,"organic anion transport","establishment of localization",0.928728,0.546739130434783,0.6
"GO:0006279",11,"GO:0044786",2.17997755189322,6,"premeiotic DNA replication","cell cycle DNA replication",0.8591,0.2982,0.876
"GO:0061982",14,"GO:0000070",2.16013098190214,146,"meiosis I cell cycle process","mitotic sister chromatid segregation",0.8736,0.374828571428571,0.631
"GO:0032944",24,"GO:0032944",2.16013098190214,264,"regulation of mononuclear cell proliferation","regulation of mononuclear cell proliferation",0.904144,0.159,0
"GO:0048583",2,"GO:0050896",2.1594108353501,4280,"regulation of response to stimulus","response to stimulus",0.884604,0.5436,0.54
"GO:0140014",17,"GO:0000280",2.1594108353501,282,"mitotic nuclear division","nuclear division",0.839392,0.394875,0.947
"GO:0002263",22,"GO:0050853",2.1594108353501,343,"cell activation involved in immune response","B cell receptor signaling pathway",0.843088,0.389529411764706,0.526
"GO:0010889",25,"GO:0010889",2.1594108353501,15,"regulation of sequestering of triglyceride","regulation of sequestering of triglyceride",0.913216,0.3272,0
"GO:0001775",18,"GO:0046649",2.1594108353501,1249,"cell activation","lymphocyte activation",0.891372,0.228933333333333,0.952
"GO:0050864",18,"GO:0046649",2.1594108353501,148,"regulation of B cell activation","lymphocyte activation",0.83758,0.204266666666667,0.792
"GO:0032943",24,"GO:0032944",2.1594108353501,343,"mononuclear cell proliferation","regulation of mononuclear cell proliferation",0.936984,0.169818181818182,0.966
"GO:0050729",13,"GO:0050727",2.15225539380782,155,"positive regulation of inflammatory response","regulation of inflammatory response",0.887392,0.35425,0.914
"GO:0000278",14,"GO:0000070",2.14515155169409,897,"mitotic cell cycle","mitotic sister chromatid segregation",0.861868,0.333371428571429,0.853
"GO:0098813",14,"GO:0000070",2.14515155169409,328,"nuclear chromosome segregation","mitotic sister chromatid segregation",0.853548,0.264628571428571,0.95
"GO:0070661",24,"GO:0032944",2.14515155169409,378,"leukocyte proliferation","regulation of mononuclear cell proliferation",0.937016,0.171,0.957
"GO:0055085",26,"GO:0055085",2.14466452680879,1561,"transmembrane transport","transmembrane transport",0.901512,0.500666666666667,0
"GO:0051321",14,"GO:0000070",2.14466452680879,361,"meiotic cell cycle","mitotic sister chromatid segregation",0.87358,0.378685714285714,0.629
"GO:0050000",16,"GO:0051310",2.14466452680879,124,"chromosome localization","metaphase chromosome alignment",0.935372,0.241,0.985
"GO:0043603",27,"GO:0043603",2.13572430078786,466,"amide metabolic process","amide metabolic process",0.957248,1,0
"GO:0051239",10,"GO:0032501",2.13572430078786,3326,"regulation of multicellular organismal process","multicellular organismal process",0.884712,0.7195,0.561
"GO:0042100",18,"GO:0046649",2.13572430078786,102,"B cell proliferation","lymphocyte activation",0.854344,0.276133333333333,0.766
"GO:0051303",16,"GO:0051310",2.13572430078786,117,"establishment of chromosome localization","metaphase chromosome alignment",0.915036,0.2386,0.989
"GO:0000819",14,"GO:0000070",2.12112327959934,230,"sister chromatid segregation","mitotic sister chromatid segregation",0.836896,0.267628571428571,0.987
"GO:0006911",28,"GO:0006911",2.12112327959934,65,"phagocytosis, engulfment","phagocytosis, engulfment",0.88336,0.2396,0
"GO:0042113",18,"GO:0046649",2.12112327959934,323,"B cell activation","lymphocyte activation",0.871092,0.2304,0.856
"GO:0002694",18,"GO:0046649",2.12112327959934,614,"regulation of leukocyte activation","lymphocyte activation",0.82006,0.187066666666667,0.89
"GO:0050854",22,"GO:0050853",2.10127554832476,68,"regulation of antigen receptor-mediated signaling pathway","B cell receptor signaling pathway",0.830628,0.344176470588235,0.85
"GO:0007186",4,"GO:0023052",2.05649332735,2035,"G protein-coupled receptor signaling pathway","signaling",0.876316,0.518142857142857,0.602
"GO:0030888",18,"GO:0046649",2.03949200420587,73,"regulation of B cell proliferation","lymphocyte activation",0.821576,0.233866666666667,0.735
"GO:0001817",12,"GO:0032635",2.01187078461602,862,"regulation of cytokine production","interleukin-6 production",0.822948,0.3102,0.759
"GO:0070663",24,"GO:0032944",2.01187078461602,286,"regulation of leukocyte proliferation","regulation of mononuclear cell proliferation",0.903952,0.160454545454546,0.991
"GO:0032946",24,"GO:0032944",2.00661931616567,159,"positive regulation of mononuclear cell proliferation","regulation of mononuclear cell proliferation",0.88902,0.176181818181818,0.959
"GO:0030890",18,"GO:0046649",1.98004909367604,49,"positive regulation of B cell proliferation","lymphocyte activation",0.813548,0.233333333333333,0.714
"GO:0002376",22,"GO:0050853",1.96391632919481,3100,"immune system process","B cell receptor signaling pathway",0.916156,0.422588235294118,0.537
"GO:0009605",29,"GO:0009605",1.9534836222043,2790,"response to external stimulus","response to external stimulus",0.939232,0.612,0
"GO:0009308",30,"GO:0009308",1.9534836222043,133,"amine metabolic process","amine metabolic process",0.960136,0.5055,0
"GO:0001816",12,"GO:0032635",1.91901578552435,943,"cytokine production","interleukin-6 production",0.871752,0.3162,0.77
"GO:0046651",24,"GO:0032944",1.89827901684009,336,"lymphocyte proliferation","regulation of mononuclear cell proliferation",0.84236,0.170545454545455,0.964
"GO:0016043",17,"GO:0000280",1.89754323036088,6878,"cellular component organization","nuclear division",0.928076,0.54175,0.529
"GO:0030154",19,"GO:0032502",1.89538154887536,4941,"cell differentiation","developmental process",0.958236,0.400857142857143,0.68
"GO:0048869",19,"GO:0032502",1.88851019723513,4942,"cellular developmental process","developmental process",0.95824,0.401,0.68
"GO:0030097",19,"GO:0032502",1.87975536502519,1119,"hemopoiesis","developmental process",0.962804,0.404142857142857,0.485
"GO:0060099",28,"GO:0006911",1.87975536502519,20,"regulation of phagocytosis, engulfment","phagocytosis, engulfment",0.855476,0.2474,0.932
"GO:0015867",31,"GO:0015867",1.8700620776392,25,"ATP transport","ATP transport",0.940116,0.5585,0
"GO:0002696",18,"GO:0046649",1.8700620776392,383,"positive regulation of leukocyte activation","lymphocyte activation",0.812032,0.1978,0.844
"GO:0044248",21,"GO:0016042",1.85065973620818,1097,"cellular catabolic process","lipid catabolic process",0.920032,0.435714285714286,0.653
"GO:0099024",28,"GO:0006911",1.85065973620818,74,"plasma membrane invagination","phagocytosis, engulfment",0.943988,0.2374,0.987
"GO:0050670",24,"GO:0032944",1.85065973620818,259,"regulation of lymphocyte proliferation","regulation of mononuclear cell proliferation",0.804412,0.159818181818182,0.996
"GO:0051304",14,"GO:0000070",1.83380301254463,88,"chromosome separation","mitotic sister chromatid segregation",0.864576,0.306571428571429,0.795
"GO:0051315",16,"GO:0051310",1.80297469992334,25,"attachment of mitotic spindle microtubules to kinetochore","metaphase chromosome alignment",0.799956,0.2766,0.897
"GO:0005975",32,"GO:0005975",1.79906057801419,594,"carbohydrate metabolic process","carbohydrate metabolic process",0.955164,1,0
"GO:0050851",22,"GO:0050853",1.79906057801419,190,"antigen receptor-mediated signaling pathway","B cell receptor signaling pathway",0.820892,0.308647058823529,0.915
"GO:0051249",18,"GO:0046649",1.79906057801419,535,"regulation of lymphocyte activation","lymphocyte activation",0.820528,0.1812,0.92
"GO:0002532",13,"GO:0050727",1.78971865563118,108,"production of molecular mediator involved in inflammatory response","regulation of inflammatory response",0.91514,0.298875,0.734
"GO:0050865",18,"GO:0046649",1.78971865563118,670,"regulation of cell activation","lymphocyte activation",0.851536,0.193933333333333,0.874
"GO:0033046",14,"GO:0000070",1.76084607505592,55,"negative regulation of sister chromatid segregation","mitotic sister chromatid segregation",0.811672,0.261971428571429,0.872
"GO:0033048",14,"GO:0000070",1.76084607505592,55,"negative regulation of mitotic sister chromatid segregation","mitotic sister chromatid segregation",0.803896,0.240828571428571,0.891
"GO:2000816",14,"GO:0000070",1.76084607505592,55,"negative regulation of mitotic sister chromatid separation","mitotic sister chromatid segregation",0.801544,0.224028571428571,0.891
"GO:0045841",14,"GO:0000070",1.76084607505592,55,"negative regulation of mitotic metaphase/anaphase transition","mitotic sister chromatid segregation",0.798912,0.211571428571429,0.891
"GO:0006887",8,"GO:0051234",1.75902392177992,399,"exocytosis","establishment of localization",0.89746,0.402434782608696,0.569
"GO:0016310",15,"GO:0006793",1.75140267187409,1637,"phosphorylation","phosphorus metabolic process",0.924768,0.411333333333333,0.883
"GO:1905153",28,"GO:0006911",1.75140267187409,21,"regulation of membrane invagination","phagocytosis, engulfment",0.916176,0.2546,0.901
"GO:0060627",8,"GO:0051234",1.73808083646123,631,"regulation of vesicle-mediated transport","establishment of localization",0.861604,0.411260869565217,0.59
"GO:0007059",14,"GO:0000070",1.73808083646123,433,"chromosome segregation","mitotic sister chromatid segregation",0.853192,0.265,0.922
"GO:0072330",7,"GO:0043436",1.73808083646123,226,"monocarboxylic acid biosynthetic process","oxoacid metabolic process",0.897856,0.228214285714286,0.818
"GO:0070665",24,"GO:0032944",1.73808083646123,175,"positive regulation of leukocyte proliferation","regulation of mononuclear cell proliferation",0.88862,0.177090909090909,0.953
"GO:1901136",21,"GO:0016042",1.73334531664528,271,"carbohydrate derivative catabolic process","lipid catabolic process",0.949304,0.494571428571429,0.571
"GO:0002521",19,"GO:0032502",1.72471349307742,713,"leukocyte differentiation","developmental process",0.96418,0.419,0.451
"GO:0002285",22,"GO:0050853",1.72188666601146,240,"lymphocyte activation involved in immune response","B cell receptor signaling pathway",0.845288,0.403764705882353,0.511
"GO:0008283",24,"GO:0032944",1.72188666601146,2170,"cell population proliferation","regulation of mononuclear cell proliferation",0.94248,0.317181818181818,0.731
"GO:1902100",14,"GO:0000070",1.69692277090247,57,"negative regulation of metaphase/anaphase transition of cell cycle","mitotic sister chromatid segregation",0.811884,0.2606,0.876
"GO:1905819",14,"GO:0000070",1.69692277090247,57,"negative regulation of chromosome separation","mitotic sister chromatid segregation",0.828484,0.256685714285714,0.771
"GO:0048856",19,"GO:0032502",1.69251766906639,6568,"anatomical structure development","developmental process",0.984568,0.493142857142857,0.815
"GO:0046928",8,"GO:0051234",1.6821400903358,111,"regulation of neurotransmitter secretion","establishment of localization",0.847852,0.475,0.467
"GO:0043410",5,"GO:0007154",1.67216230931275,541,"positive regulation of MAPK cascade","cell communication",0.850608,0.371285714285714,0.505
"GO:0032732",12,"GO:0032635",1.67216230931275,79,"positive regulation of interleukin-1 production","interleukin-6 production",0.840268,0.2962,0.593
"GO:0051588",8,"GO:0051234",1.67053547953153,132,"regulation of neurotransmitter transport","establishment of localization",0.901196,0.538826086956522,0.476
"GO:1905818",14,"GO:0000070",1.66957275571914,78,"regulation of chromosome separation","mitotic sister chromatid segregation",0.83146,0.266628571428571,0.787
"GO:1905521",33,"GO:1905521",1.66369438206793,49,"regulation of macrophage migration","regulation of macrophage migration",0.8956,0.527,0
"GO:0009966",4,"GO:0023052",1.66369438206793,3221,"regulation of signal transduction","signaling",0.84168,0.374571428571429,0.705
"GO:0050861",22,"GO:0050853",1.62847104519865,7,"positive regulation of B cell receptor signaling pathway","B cell receptor signaling pathway",0.852428,0.418,0.869
"GO:0019372",7,"GO:0043436",1.62847104519865,11,"lipoxygenase pathway","oxoacid metabolic process",0.912256,0.401285714285714,0.636
"GO:0046456",7,"GO:0043436",1.62847104519865,53,"icosanoid biosynthetic process","oxoacid metabolic process",0.907188,0.2905,0.714
"GO:0051985",14,"GO:0000070",1.62847104519865,59,"negative regulation of chromosome segregation","mitotic sister chromatid segregation",0.830912,0.274571428571429,0.772
"GO:0051049",8,"GO:0051234",1.62722854389145,1894,"regulation of transport","establishment of localization",0.871512,0.409347826086957,0.707
"GO:0006950",2,"GO:0050896",1.62538788689362,4207,"response to stress","response to stimulus",0.932784,0.6356,0.543
"GO:0022600",34,"GO:0022600",1.62538788689362,123,"digestive system process","digestive system process",0.962336,0.5035,0
"GO:0006812",8,"GO:0051234",1.62538788689362,1087,"monoatomic cation transport","establishment of localization",0.9215,0.472347826086956,0.669
"GO:0046395",21,"GO:0016042",1.62538788689362,249,"carboxylic acid catabolic process","lipid catabolic process",0.897532,0.452,0.566
"GO:0016054",21,"GO:0016042",1.62538788689362,249,"organic acid catabolic process","lipid catabolic process",0.897728,0.452,0.566
"GO:0010890",25,"GO:0010889",1.62538788689362,9,"positive regulation of sequestering of triglyceride","regulation of sequestering of triglyceride",0.900668,0.3454,0.967
"GO:0140013",14,"GO:0000070",1.62538788689362,220,"meiotic nuclear division","mitotic sister chromatid segregation",0.84234,0.316028571428571,0.852
"GO:0042127",24,"GO:0032944",1.62538788689362,1789,"regulation of cell population proliferation","regulation of mononuclear cell proliferation",0.901752,0.299818181818182,0.777
"GO:0010965",14,"GO:0000070",1.62538788689362,64,"regulation of mitotic sister chromatid separation","mitotic sister chromatid segregation",0.807368,0.241628571428571,0.904
"GO:1902292",11,"GO:0044786",1.62538788689362,5,"cell cycle DNA replication initiation","cell cycle DNA replication",0.86302,0.2391,0.876
"GO:1902315",11,"GO:0044786",1.62538788689362,5,"nuclear cell cycle DNA replication initiation","cell cycle DNA replication",0.8629,0.2361,0.876
"GO:1902975",11,"GO:0044786",1.62538788689362,5,"mitotic DNA replication initiation","cell cycle DNA replication",0.8571,0.2259,0.876
"GO:0050671",24,"GO:0032944",1.62538788689362,156,"positive regulation of lymphocyte proliferation","regulation of mononuclear cell proliferation",0.798,0.176909090909091,0.957
"GO:0050871",18,"GO:0046649",1.60701932522939,95,"positive regulation of B cell activation","lymphocyte activation",0.82818,0.2064,0.765
"GO:0006576",30,"GO:0009308",1.58660659822344,112,"biogenic amine metabolic process","amine metabolic process",0.960496,0.5055,0.989
"GO:1901264",31,"GO:0015867",1.58366759074478,87,"carbohydrate derivative transport","ATP transport",0.937768,0.5585,0.883
"GO:0044771",14,"GO:0000070",1.58366759074478,16,"meiotic cell cycle phase transition","mitotic sister chromatid segregation",0.890552,0.448942857142857,0.516
"GO:0002312",22,"GO:0050853",1.58366759074478,123,"B cell activation involved in immune response","B cell receptor signaling pathway",0.851552,0.442647058823529,0.479
"GO:0051255",14,"GO:0000070",1.58366759074478,12,"spindle midzone assembly","mitotic sister chromatid segregation",0.872864,0.426771428571429,0.682
"GO:0051231",14,"GO:0000070",1.58366759074478,12,"spindle elongation","mitotic sister chromatid segregation",0.870748,0.414628571428571,0.72
"GO:0030730",25,"GO:0010889",1.58366759074478,18,"sequestering of triglyceride","regulation of sequestering of triglyceride",0.943628,0.325,0.988
"GO:0002429",22,"GO:0050853",1.57834262882661,302,"immune response-activating cell surface receptor signaling pathway","B cell receptor signaling pathway",0.814124,0.298941176470588,0.874
"GO:0007127",14,"GO:0000070",1.56474014400602,139,"meiosis I","mitotic sister chromatid segregation",0.846668,0.3326,0.824
"GO:0032611",12,"GO:0032635",1.56474014400602,110,"interleukin-1 beta production","interleukin-6 production",0.893044,0.2883,0.608
"GO:0032651",12,"GO:0032635",1.56474014400602,104,"regulation of interleukin-1 beta production","interleukin-6 production",0.854976,0.2831,0.603
"GO:0007626",35,"GO:0007626",1.56028172643057,292,"locomotory behavior","locomotory behavior",0.961532,0.5795,0
"GO:0001573",9,"GO:0006629",1.56028172643057,28,"ganglioside metabolic process","lipid metabolic process",0.928144,0.4954,0.611
"GO:0050832",29,"GO:0009605",1.56028172643057,64,"defense response to fungus","response to external stimulus",0.949344,0.484333333333333,0.572
"GO:0017157",8,"GO:0051234",1.56028172643057,225,"regulation of exocytosis","establishment of localization",0.867204,0.404217391304348,0.51
"GO:0071173",14,"GO:0000070",1.56028172643057,53,"spindle assembly checkpoint signaling","mitotic sister chromatid segregation",0.802556,0.359085714285714,0.579
"GO:0071174",14,"GO:0000070",1.56028172643057,55,"mitotic spindle checkpoint signaling","mitotic sister chromatid segregation",0.798616,0.342542857142857,0.693
"GO:1900016",13,"GO:0050727",1.56028172643057,25,"negative regulation of cytokine production involved in inflammatory response","regulation of inflammatory response",0.834192,0.339625,0.658
"GO:0032869",6,"GO:0070887",1.56028172643057,242,"cellular response to insulin stimulus","cellular response to chemical stimulus",0.920784,0.3394,0.711
"GO:0022402",14,"GO:0000070",1.56028172643057,1327,"cell cycle process","mitotic sister chromatid segregation",0.85676,0.3072,0.781
"GO:0006270",11,"GO:0044786",1.56028172643057,35,"DNA replication initiation","cell cycle DNA replication",0.938716,0.2843,0.775
"GO:0007094",14,"GO:0000070",1.56028172643057,53,"mitotic spindle assembly checkpoint signaling","mitotic sister chromatid segregation",0.754632,0.196257142857143,0.888
"GO:0019369",9,"GO:0006629",1.55530208920426,83,"arachidonate metabolic process","lipid metabolic process",0.900604,0.4558,0.663
"GO:0045055",8,"GO:0051234",1.55530208920426,266,"regulated exocytosis","establishment of localization",0.900836,0.423086956521739,0.542
"GO:1901698",6,"GO:0070887",1.55348230511127,1238,"response to nitrogen compound","cellular response to chemical stimulus",0.93962,0.437,0.651
"GO:1903530",8,"GO:0051234",1.54101346995396,709,"regulation of secretion by cell","establishment of localization",0.859052,0.395,0.595
"GO:0006633",7,"GO:0043436",1.54101346995396,164,"fatty acid biosynthetic process","oxoacid metabolic process",0.888604,0.236,0.797
"GO:0007010",17,"GO:0000280",1.52854678084783,1537,"cytoskeleton organization","nuclear division",0.923984,0.481375,0.609
"GO:0002684",22,"GO:0050853",1.52209811474875,1220,"positive regulation of immune system process","B cell receptor signaling pathway",0.860232,0.361,0.694
"GO:0002682",22,"GO:0050853",1.51179147445691,1743,"regulation of immune system process","B cell receptor signaling pathway",0.873632,0.372764705882353,0.644
"GO:0016053",7,"GO:0043436",1.51179147445691,332,"organic acid biosynthetic process","oxoacid metabolic process",0.89614,0.224428571428571,0.85
"GO:0007586",34,"GO:0022600",1.49017163866363,138,"digestion","digestive system process",0.962096,0.5035,0.993
"GO:0050855",22,"GO:0050853",1.48873708426629,18,"regulation of B cell receptor signaling pathway","B cell receptor signaling pathway",0.84468,0.380235294117647,0.925
"GO:0031577",14,"GO:0000070",1.48592550332413,59,"spindle checkpoint signaling","mitotic sister chromatid segregation",0.801652,0.356514285714286,0.582
"GO:1901224",5,"GO:0007154",1.47890328116897,72,"positive regulation of non-canonical NF-kappaB signal transduction","cell communication",0.878152,0.485428571428571,0.381
"GO:0050867",18,"GO:0046649",1.47648200782628,407,"positive regulation of cell activation","lymphocyte activation",0.839364,0.2054,0.826
"GO:0051306",14,"GO:0000070",1.4737309844069,67,"mitotic sister chromatid separation","mitotic sister chromatid segregation",0.837068,0.268771428571429,0.907
"GO:0006261",11,"GO:0044786",1.47219671527484,156,"DNA-templated DNA replication","cell cycle DNA replication",0.933736,0.2781,0.868
"GO:0051251",18,"GO:0046649",1.47219671527484,346,"positive regulation of lymphocyte activation","lymphocyte activation",0.812168,0.190933333333333,0.875
"GO:1904019",36,"GO:1904019",1.4626120857133,108,"epithelial cell apoptotic process","epithelial cell apoptotic process",0.984556,1,0
"GO:1902533",5,"GO:0007154",1.45691186078319,1203,"positive regulation of intracellular signal transduction","cell communication",0.836148,0.315,0.577
"GO:0030167",21,"GO:0016042",1.45633847843641,10,"proteoglycan catabolic process","lipid catabolic process",0.955796,0.591857142857143,0.43
"GO:0051256",14,"GO:0000070",1.45633847843641,9,"mitotic spindle midzone assembly","mitotic sister chromatid segregation",0.859928,0.376971428571429,0.778
"GO:0044283",7,"GO:0043436",1.45498687803261,617,"small molecule biosynthetic process","oxoacid metabolic process",0.91602,0.291642857142857,0.734
"GO:0042592",37,"GO:0042592",1.4517890452531,1980,"homeostatic process","homeostatic process",0.991044,0.564,0
"GO:0035435",26,"GO:0055085",1.44735419587635,14,"phosphate ion transmembrane transport","transmembrane transport",0.936132,0.589,0.585
"GO:0006869",25,"GO:0010889",1.44287121799468,456,"lipid transport","regulation of sequestering of triglyceride",0.923504,0.3872,0.701
"GO:0010876",25,"GO:0010889",1.44287121799468,520,"lipid localization","regulation of sequestering of triglyceride",0.92874,0.3828,0.708
"GO:0015748",8,"GO:0051234",1.4332545960734,165,"organophosphate ester transport","establishment of localization",0.935632,0.598434782608696,0.512
"GO:0090068",14,"GO:0000070",1.4332545960734,276,"positive regulation of cell cycle process","mitotic sister chromatid segregation",0.819216,0.353485714285714,0.653
"GO:0010324",28,"GO:0006911",1.4332545960734,82,"membrane invagination","phagocytosis, engulfment",0.943788,0.2386,0.982
"GO:0038178",22,"GO:0050853",1.4277793567605,1,"complement component C5a signaling pathway","B cell receptor signaling pathway",0.874264,0.511529411764706,0.616
"GO:0032715",12,"GO:0032635",1.4277793567605,54,"negative regulation of interleukin-6 production","interleukin-6 production",0.855976,0.4015,0.898
"GO:0010639",17,"GO:0000280",1.42337814343946,393,"negative regulation of organelle organization","nuclear division",0.883248,0.501,0.512
"GO:0030001",8,"GO:0051234",1.39661747160561,937,"metal ion transport","establishment of localization",0.922428,0.478913043478261,0.657
"GO:1990845",38,"GO:1990845",1.39625898763923,175,"adaptive thermogenesis","adaptive thermogenesis",0.965092,1,0
"GO:0046394",7,"GO:0043436",1.39625898763923,328,"carboxylic acid biosynthetic process","oxoacid metabolic process",0.896048,0.222857142857143,0.852
"GO:0071674",33,"GO:1905521",1.37719944564268,228,"mononuclear cell migration","regulation of macrophage migration",0.919052,0.535,0.87
"GO:0048518",3,"GO:0065007",1.37634525509226,6761,"positive regulation of biological process","biological regulation",0.912064,0.7115,0.369
"GO:0046903",8,"GO:0051234",1.37634525509226,1170,"secretion","establishment of localization",0.91372,0.412826086956522,0.653
"GO:0055082",37,"GO:0042592",1.37206322968232,804,"intracellular chemical homeostasis","homeostatic process",0.990148,0.564,0.872
"GO:0051046",8,"GO:0051234",1.37206322968232,794,"regulation of secretion","establishment of localization",0.875392,0.392782608695652,0.604
"GO:0007610",35,"GO:0007626",1.36637950035931,861,"behavior","locomotory behavior",0.955908,0.5795,0.841
"GO:0002573",19,"GO:0032502",1.36423345849776,292,"myeloid leukocyte differentiation","developmental process",0.967512,0.474142857142857,0.389
"GO:1903975",33,"GO:1905521",1.36245622450788,26,"regulation of glial cell migration","regulation of macrophage migration",0.92242,0.642,0.549
"GO:0045839",17,"GO:0000280",1.36245622450788,65,"negative regulation of mitotic nuclear division","nuclear division",0.81752,0.408375,0.823
"GO:1900015",13,"GO:0050727",1.36245622450788,62,"regulation of cytokine production involved in inflammatory response","regulation of inflammatory response",0.832944,0.30475,0.704
"GO:0002534",13,"GO:0050727",1.36245622450788,68,"cytokine production involved in inflammatory response","regulation of inflammatory response",0.859332,0.302375,0.709
"GO:0033047",14,"GO:0000070",1.36245622450788,62,"regulation of mitotic sister chromatid segregation","mitotic sister chromatid segregation",0.806624,0.252914285714286,0.904
"GO:0008315",14,"GO:0000070",1.35791223527577,7,"G2/MI transition of meiotic cell cycle","mitotic sister chromatid segregation",0.89626,0.4766,0.484
"GO:1903980",13,"GO:0050727",1.35791223527577,8,"positive regulation of microglial cell activation","regulation of inflammatory response",0.82656,0.447375,0.747
"GO:0002757",22,"GO:0050853",1.3482932364821,503,"immune response-activating signaling pathway","B cell receptor signaling pathway",0.805296,0.303411764705882,0.812
"GO:0032467",14,"GO:0000070",1.32585086748687,46,"positive regulation of cytokinesis","mitotic sister chromatid segregation",0.839584,0.433428571428571,0.564
"GO:0061178",6,"GO:0070887",1.32585086748687,98,"regulation of insulin secretion involved in cellular response to glucose stimulus","cellular response to chemical stimulus",0.81206,0.3866,0.633
"GO:0008643",8,"GO:0051234",1.32456384406519,147,"carbohydrate transport","establishment of localization",0.940204,0.615130434782609,0.485
"GO:0006665",9,"GO:0006629",1.32456384406519,151,"sphingolipid metabolic process","lipid metabolic process",0.922516,0.433,0.746
"GO:0032868",6,"GO:0070887",1.31929002273066,308,"response to insulin","cellular response to chemical stimulus",0.94244,0.3778,0.549
"GO:0072521",39,"GO:0072521",1.30886578538705,600,"purine-containing compound metabolic process","purine-containing compound metabolic process",0.95856,1,0
"GO:0002768",22,"GO:0050853",1.30886578538705,320,"immune response-regulating cell surface receptor signaling pathway","B cell receptor signaling pathway",0.823428,0.304117647058823,0.868
"GO:0006706",21,"GO:0016042",1.30856011993845,24,"steroid catabolic process","lipid catabolic process",0.94644,0.567142857142857,0.795
"GO:0002252",22,"GO:0050853",1.30856011993845,878,"immune effector process","B cell receptor signaling pathway",0.923912,0.429058823529412,0.46
"GO:0098660",26,"GO:0055085",1.30848360800019,945,"inorganic ion transmembrane transport","transmembrane transport",0.906676,0.479666666666667,0.913
"GO:0009620",29,"GO:0009605",1.30370509826756,77,"response to fungus","response to external stimulus",0.956148,0.477666666666667,0.592
"GO:0035773",6,"GO:0070887",1.30339001143274,108,"insulin secretion involved in cellular response to glucose stimulus","cellular response to chemical stimulus",0.826264,0.3818,0.64
"GO:0071331",6,"GO:0070887",1.30339001143274,195,"cellular response to hexose stimulus","cellular response to chemical stimulus",0.92384,0.3631,0.678
