"go","cluster","parent","score","size","term","parentTerm","termUniqueness","termUniquenessWithinCluster","termDispensability"
"GO:0045071",1,"GO:0045071",8.98104354127891,65,"negative regulation of viral genome replication","negative regulation of viral genome replication",0.866875,0.193625,0
"GO:0098542",2,"GO:0098542",8.633422976362,1396,"defense response to other organism","defense response to other organism",0.662855769230769,0.2239,0
"GO:0043207",2,"GO:0098542",8.41598480289036,1913,"response to external biotic stimulus","defense response to other organism",0.695336538461538,0.23955,0.938
"GO:0051707",2,"GO:0098542",8.41598480289036,1909,"response to other organism","defense response to other organism",0.686076923076923,0.23945,0.938
"GO:0035458",3,"GO:0035458",8.18163154953215,68,"cellular response to interferon-beta","cellular response to interferon-beta",0.824105769230769,0.393647058823529,0
"GO:0009615",4,"GO:0009615",8.18163154953215,412,"response to virus","response to virus",0.734682692307692,0.357,0
"GO:0009607",2,"GO:0098542",8.18163154953215,1956,"response to biotic stimulus","defense response to other organism",0.714884615384615,0.2418,0.935
"GO:0051607",4,"GO:0009615",8.14537771518767,329,"defense response to virus","response to virus",0.708480769230769,0.35675,0.969
"GO:0044419",4,"GO:0009615",8.10995934029655,2055,"biological process involved in interspecies interaction between organisms","response to virus",0.824740384615385,0.47375,0.755
"GO:0035456",3,"GO:0035458",7.68493481563587,77,"response to interferon-beta","cellular response to interferon-beta",0.823692307692308,0.398529411764706,0.987
"GO:0048525",1,"GO:0045071",7.68493481563587,115,"negative regulation of viral process","negative regulation of viral genome replication",0.864586538461538,0.206375,0.956
"GO:0045069",1,"GO:0045071",7.6174993040757,100,"regulation of viral genome replication","negative regulation of viral genome replication",0.889269230769231,0.181125,0.969
"GO:0140546",2,"GO:0098542",7.42309737354584,1266,"defense response to symbiont","defense response to other organism",0.662576923076923,0.21805,0.954
"GO:0009605",5,"GO:0009605",7.02649219326952,2790,"response to external stimulus","response to external stimulus",0.726086538461538,0.42225,0
"GO:0006952",6,"GO:0006952",6.99041468301551,1976,"defense response","defense response",0.738634615384615,0.4065,0
"GO:0045087",2,"GO:0098542",6.97885423357237,1083,"innate immune response","defense response to other organism",0.621913461538462,0.2141,0.92
"GO:0019079",1,"GO:0045071",6.7811611136334,134,"viral genome replication","negative regulation of viral genome replication",0.93925,0.21025,0.949
"GO:1903900",1,"GO:0045071",5.97733999509487,163,"regulation of viral life cycle","negative regulation of viral genome replication",0.887115384615385,0.1785,0.93
"GO:0002753",7,"GO:0002753",5.71834293606489,193,"cytoplasmic pattern recognition receptor signaling pathway","cytoplasmic pattern recognition receptor signaling pathway",0.566951923076923,0.402,0
"GO:0045824",2,"GO:0098542",4.99608984156916,117,"negative regulation of innate immune response","defense response to other organism",0.609951923076923,0.28765,0.7
"GO:0050792",1,"GO:0045071",4.99608984156916,194,"regulation of viral process","negative regulation of viral genome replication",0.886971153846154,0.1875,0.914
"GO:0042742",2,"GO:0098542",4.92277270043939,413,"defense response to bacterium","defense response to other organism",0.707682692307692,0.3194,0.822
"GO:0009617",2,"GO:0098542",4.81298553903608,1009,"response to bacterium","defense response to other organism",0.715346153846154,0.3032,0.828
"GO:0006955",8,"GO:0006955",4.75402508269994,2189,"immune response","immune response",0.735461538461538,0.287375,0
"GO:0002218",2,"GO:0098542",4.56255657812345,324,"activation of innate immune response","defense response to other organism",0.560875,0.1822,0.815
"GO:0001819",9,"GO:0001819",4.3900802739087,543,"positive regulation of cytokine production","positive regulation of cytokine production",0.703596153846154,0.3030625,0
"GO:0001817",9,"GO:0001819",4.38526745975442,862,"regulation of cytokine production","positive regulation of cytokine production",0.729019230769231,0.29440625,0.939
"GO:0001816",9,"GO:0001819",4.33260498792413,943,"cytokine production","positive regulation of cytokine production",0.774855769230769,0.30353125,0.919
"GO:0019058",1,"GO:0045071",4.29331515147883,279,"viral life cycle","negative regulation of viral genome replication",0.938211538461538,0.19675,0.88
"GO:0032728",9,"GO:0001819",4.24684956067764,52,"positive regulation of interferon-beta production","positive regulation of cytokine production",0.746192307692308,0.38225,0.755
"GO:0032608",9,"GO:0001819",4.18234651612628,72,"interferon-beta production","positive regulation of cytokine production",0.805769230769231,0.39534375,0.674
"GO:0032648",9,"GO:0001819",4.18234651612628,72,"regulation of interferon-beta production","positive regulation of cytokine production",0.769548076923077,0.38459375,0.696
"GO:0002832",2,"GO:0098542",4.13042001816718,149,"negative regulation of response to biotic stimulus","defense response to other organism",0.674384615384615,0.3011,0.66
"GO:0002833",2,"GO:0098542",4.05175181319319,434,"positive regulation of response to biotic stimulus","defense response to other organism",0.631942307692308,0.2003,0.769
"GO:0045088",2,"GO:0098542",3.86712248756997,496,"regulation of innate immune response","defense response to other organism",0.570057692307692,0.1751,0.852
"GO:0032612",9,"GO:0001819",3.83152944488139,131,"interleukin-1 production","positive regulation of cytokine production",0.797836538461538,0.37084375,0.709
"GO:0032652",9,"GO:0001819",3.83152944488139,125,"regulation of interleukin-1 production","positive regulation of cytokine production",0.760730769230769,0.3616875,0.73
"GO:2000342",9,"GO:0001819",3.67878979712325,11,"negative regulation of chemokine (C-X-C motif) ligand 2 production","positive regulation of cytokine production",0.763173076923077,0.40675,0.594
"GO:0035457",3,"GO:0035458",3.5883916234178,21,"cellular response to interferon-alpha","cellular response to interferon-beta",0.837596153846154,0.434117647058823,0.546
"GO:0002221",2,"GO:0098542",3.58326345967548,283,"pattern recognition receptor signaling pathway","defense response to other organism",0.554096153846154,0.18815,0.803
"GO:0002376",8,"GO:0006955",3.50799758221143,3100,"immune system process","immune response",0.847682692307692,0.366375,0.86
"GO:0035455",3,"GO:0035458",3.49619524852748,33,"response to interferon-alpha","cellular response to interferon-beta",0.833625,0.427352941176471,0.545
"GO:0016032",1,"GO:0045071",3.49619524852748,359,"viral process","negative regulation of viral genome replication",0.938855769230769,0.205125,0.853
"GO:0071659",9,"GO:0001819",3.45527086474555,11,"negative regulation of IP-10 production","positive regulation of cytokine production",0.763230769230769,0.40528125,0.588
"GO:0002758",2,"GO:0098542",3.45527086474555,294,"innate immune response-activating signaling pathway","defense response to other organism",0.553201923076923,0.18685,0.805
"GO:0031349",6,"GO:0006952",3.39821799181978,543,"positive regulation of defense response","defense response",0.652173076923077,0.35825,0.804
"GO:0030522",7,"GO:0002753",3.37169582563643,388,"intracellular receptor signaling pathway","cytoplasmic pattern recognition receptor signaling pathway",0.805903846153846,0.421333333333333,0.938
"GO:0002831",2,"GO:0098542",3.37169582563643,597,"regulation of response to biotic stimulus","defense response to other organism",0.648769230769231,0.1975,0.796
"GO:0045089",2,"GO:0098542",3.37169582563643,404,"positive regulation of innate immune response","defense response to other organism",0.556192307692308,0.17605,0.834
"GO:0032103",5,"GO:0009605",3.31293607847896,688,"positive regulation of response to external stimulus","response to external stimulus",0.640365384615385,0.3695,0.777
"GO:0032101",5,"GO:0009605",3.30350262972852,1167,"regulation of response to external stimulus","response to external stimulus",0.654788461538462,0.346,0.829
"GO:0071612",9,"GO:0001819",3.28642026930359,12,"IP-10 production","positive regulation of cytokine production",0.816730769230769,0.42709375,0.569
"GO:0071658",9,"GO:0001819",3.28642026930359,12,"regulation of IP-10 production","positive regulation of cytokine production",0.785067307692308,0.4164375,0.591
"GO:0050777",8,"GO:0006955",3.2618467143241,223,"negative regulation of immune response","immune response",0.693288461538462,0.35125,0.704
"GO:0032102",5,"GO:0009605",3.22878788932952,426,"negative regulation of response to external stimulus","response to external stimulus",0.669038461538461,0.40675,0.705
"GO:0032732",9,"GO:0001819",3.00633123227157,79,"positive regulation of interleukin-1 production","positive regulation of cytokine production",0.739048076923077,0.36559375,0.781
"GO:0032611",9,"GO:0001819",2.97992191258578,110,"interleukin-1 beta production","positive regulation of cytokine production",0.800067307692308,0.37765625,0.697
"GO:0032651",9,"GO:0001819",2.97992191258578,104,"regulation of interleukin-1 beta production","positive regulation of cytokine production",0.763432692307692,0.36846875,0.717
"GO:0031348",6,"GO:0006952",2.97153922410852,292,"negative regulation of defense response","defense response",0.682490384615385,0.40075,0.721
"GO:0071345",3,"GO:0035458",2.89227010797448,1119,"cellular response to cytokine stimulus","cellular response to interferon-beta",0.777903846153846,0.269647058823529,0.739
"GO:0031347",6,"GO:0006952",2.85526353324041,874,"regulation of defense response","defense response",0.66775,0.338,0.849
"GO:0032481",9,"GO:0001819",2.78875609505968,90,"positive regulation of type I interferon production","positive regulation of cytokine production",0.733894230769231,0.35571875,0.808
"GO:0050896",10,"GO:0050896",2.75929580912816,10589,"response to stimulus","response to stimulus",0.812048076923077,0.7315,0
"GO:0032640",9,"GO:0001819",2.70700216042271,205,"tumor necrosis factor production","positive regulation of cytokine production",0.794076923076923,0.359625,0.736
"GO:0032680",9,"GO:0001819",2.70700216042271,199,"regulation of tumor necrosis factor production","positive regulation of cytokine production",0.755855769230769,0.350625,0.756
"GO:0071706",9,"GO:0001819",2.67230998252032,208,"tumor necrosis factor superfamily cytokine production","positive regulation of cytokine production",0.793759615384615,0.35865625,0.738
"GO:1903555",9,"GO:0001819",2.67230998252032,202,"regulation of tumor necrosis factor superfamily cytokine production","positive regulation of cytokine production",0.755403846153846,0.34953125,0.758
"GO:0060339",3,"GO:0035458",2.67145896634086,30,"negative regulation of type I interferon-mediated signaling pathway","cellular response to interferon-beta",0.568375,0.291235294117647,0.566
"GO:0002253",8,"GO:0006955",2.67145896634086,590,"activation of immune response","immune response",0.656,0.249625,0.815
"GO:0032731",9,"GO:0001819",2.60692161464769,67,"positive regulation of interleukin-1 beta production","positive regulation of cytokine production",0.742096153846154,0.3723125,0.768
"GO:0071639",9,"GO:0001819",2.57217948291083,21,"positive regulation of monocyte chemotactic protein-1 production","positive regulation of cytokine production",0.752711538461538,0.38628125,0.688
"GO:0071357",3,"GO:0035458",2.57217948291083,92,"cellular response to type I interferon","cellular response to interferon-beta",0.629644230769231,0.311235294117647,0.613
"GO:0060337",3,"GO:0035458",2.57217948291083,92,"type I interferon-mediated signaling pathway","cellular response to interferon-beta",0.596240384615385,0.290294117647059,0.613
"GO:0039531",2,"GO:0098542",2.57217948291083,129,"regulation of cytoplasmic pattern recognition receptor signaling pathway","defense response to other organism",0.580653846153846,0.2428,0.725
"GO:0060338",3,"GO:0035458",2.54249167771591,49,"regulation of type I interferon-mediated signaling pathway","cellular response to interferon-beta",0.575144230769231,0.276647058823529,0.586
"GO:0070106",3,"GO:0035458",2.4609440076617,15,"interleukin-27-mediated signaling pathway","cellular response to interferon-beta",0.804086538461538,0.442529411764706,0.537
"GO:0050776",8,"GO:0006955",2.45946763045416,1036,"regulation of immune response","immune response",0.667788461538461,0.2305,0.875
"GO:0140374",4,"GO:0009615",2.34722625445075,67,"antiviral innate immune response","response to virus",0.706625,0.414,0.848
"GO:0034340",3,"GO:0035458",2.34722625445075,99,"response to type I interferon","cellular response to interferon-beta",0.628692307692308,0.318058823529412,0.596
"GO:0001960",3,"GO:0035458",2.27562884910124,88,"negative regulation of cytokine-mediated signaling pathway","cellular response to interferon-beta",0.698586538461538,0.308176470588235,0.607
"GO:0032606",9,"GO:0001819",2.25904372285536,146,"type I interferon production","positive regulation of cytokine production",0.795528846153846,0.36396875,0.729
"GO:0032479",9,"GO:0001819",2.25904372285536,141,"regulation of type I interferon production","positive regulation of cytokine production",0.756826923076923,0.35321875,0.753
"GO:0034097",3,"GO:0035458",2.18939085705105,1235,"response to cytokine","cellular response to interferon-beta",0.777326923076923,0.276117647058823,0.723
"GO:0060761",3,"GO:0035458",2.14083343553561,92,"negative regulation of response to cytokine stimulus","cellular response to interferon-beta",0.711076923076923,0.331588235294118,0.589
"GO:1901652",3,"GO:0035458",2.10649463022626,1249,"response to peptide","cellular response to interferon-beta",0.777365384615385,0.277,0.722
"GO:0002757",8,"GO:0006955",2.10649463022626,503,"immune response-activating signaling pathway","immune response",0.648596153846154,0.244375,0.796
"GO:0062207",2,"GO:0098542",2.01216686281985,183,"regulation of pattern recognition receptor signaling pathway","defense response to other organism",0.574509615384615,0.22075,0.753
"GO:0002764",8,"GO:0006955",1.97429311413738,536,"immune response-regulating signaling pathway","immune response",0.667875,0.262375,0.801
"GO:0072567",9,"GO:0001819",1.93179488489667,29,"chemokine (C-X-C motif) ligand 2 production","positive regulation of cytokine production",0.806269230769231,0.394875,0.618
"GO:2000341",9,"GO:0001819",1.93179488489667,29,"regulation of chemokine (C-X-C motif) ligand 2 production","positive regulation of cytokine production",0.772144230769231,0.38334375,0.642
"GO:0050778",8,"GO:0006955",1.92391403700406,830,"positive regulation of immune response","immune response",0.65025,0.234375,0.85
"GO:0039532",2,"GO:0098542",1.90791266149821,65,"negative regulation of cytoplasmic pattern recognition receptor signaling pathway","defense response to other organism",0.590019230769231,0.2866,0.675
"GO:0071605",9,"GO:0001819",1.86781580731618,32,"monocyte chemotactic protein-1 production","positive regulation of cytokine production",0.806682692307692,0.396125,0.615
"GO:0071637",9,"GO:0001819",1.86781580731618,32,"regulation of monocyte chemotactic protein-1 production","positive regulation of cytokine production",0.772634615384615,0.384625,0.639
"GO:0032760",9,"GO:0001819",1.82080258947717,121,"positive regulation of tumor necrosis factor production","positive regulation of cytokine production",0.735240384615385,0.3586875,0.802
"GO:1903557",9,"GO:0001819",1.79867548070684,123,"positive regulation of tumor necrosis factor superfamily cytokine production","positive regulation of cytokine production",0.734615384615385,0.35734375,0.805
"GO:0019221",3,"GO:0035458",1.59902641631842,509,"cytokine-mediated signaling pathway","cellular response to interferon-beta",0.735798076923077,0.269176470588235,0.704
"GO:0034138",7,"GO:0002753",1.5326826020795,33,"toll-like receptor 3 signaling pathway","cytoplasmic pattern recognition receptor signaling pathway",0.631144230769231,0.448666666666667,0.856
"GO:0032682",9,"GO:0001819",1.47953342781799,35,"negative regulation of chemokine production","positive regulation of cytokine production",0.744394230769231,0.36428125,0.664
"GO:0001818",9,"GO:0001819",1.44624029176657,318,"negative regulation of cytokine production","positive regulation of cytokine production",0.725721153846154,0.34509375,0.824
"GO:0042221",10,"GO:0050896",1.42533548173503,4689,"response to chemical","response to stimulus",0.791528846153846,0.7315,0.537
"GO:0003071",11,"GO:0003071",1.37622189896856,30,"renal system process involved in regulation of systemic arterial blood pressure","renal system process involved in regulation of systemic arterial blood pressure",0.92,1,0
"GO:0010628",12,"GO:0010628",1.33977746259864,1334,"positive regulation of gene expression","positive regulation of gene expression",0.779673076923077,1,0
"GO:0001959",3,"GO:0035458",1.30165565002214,161,"regulation of cytokine-mediated signaling pathway","cellular response to interferon-beta",0.706942307692308,0.287352941176471,0.635
