"go","cluster","parent","score","size","term","parentTerm","termUniqueness","termUniquenessWithinCluster","termDispensability"
"GO:2001141",1,"GO:2001141",1.98211649010848,3313,"regulation of RNA biosynthetic process","regulation of RNA biosynthetic process",0.551125,0.3026,0
"GO:0006357",1,"GO:2001141",1.98211649010848,2560,"regulation of transcription by RNA polymerase II","regulation of RNA biosynthetic process",0.539375,0.2826,0.884
"GO:0006355",1,"GO:2001141",1.98211649010848,3302,"regulation of DNA-templated transcription","regulation of RNA biosynthetic process",0.531625,0.2714,0.955
"GO:0006351",1,"GO:2001141",1.88966613110577,3428,"DNA-templated transcription","regulation of RNA biosynthetic process",0.54475,0.2926,0.855
"GO:0060271",2,"GO:0060271",1.72690418993082,415,"cilium assembly","cilium assembly",0.737,0.354,0
"GO:0044782",2,"GO:0060271",1.59871810952389,450,"cilium organization","cilium assembly",0.764125,0.428,0.978
"GO:0006366",1,"GO:2001141",1.49016884737052,2658,"transcription by RNA polymerase II","regulation of RNA biosynthetic process",0.550625,0.3008,0.793
"GO:0120031",2,"GO:0060271",1.48551590428592,622,"plasma membrane bounded cell projection assembly","cilium assembly",0.766125,0.434,0.96
