"go","cluster","parent","score","size","term","parentTerm","termUniqueness","termUniquenessWithinCluster","termDispensability"
"GO:0007186",1,"GO:0007186",2.70055955410412,2035,"G protein-coupled receptor signaling pathway","G protein-coupled receptor signaling pathway",0.765307692307692,0.5864,0
"GO:0002684",2,"GO:0002684",2.01646023741647,1220,"positive regulation of immune system process","positive regulation of immune system process",0.768948717948718,0.3646,0
"GO:0050817",5,"GO:0050817",1.91316197081478,193,"coagulation","coagulation",0.939153846153846,1,0
"GO:0007154",1,"GO:0007186",1.91316197081478,7407,"cell communication","G protein-coupled receptor signaling pathway",0.860641025641026,0.5156,0.6
"GO:0007165",4,"GO:0007165",1.91316197081478,6749,"signal transduction","signal transduction",0.700846153846154,0.511714285714286,0
"GO:0007599",3,"GO:0007599",1.91316197081478,192,"hemostasis","hemostasis",0.901076923076923,0.356333333333333,0
"GO:0007596",3,"GO:0007599",1.91316197081478,188,"blood coagulation","hemostasis",0.783179487179487,0.355666666666667,0.996
"GO:0023052",4,"GO:0007165",1.91189529466904,7371,"signaling","signal transduction",0.81774358974359,0.528428571428571,0.85
"GO:0030168",3,"GO:0007599",1.91189529466904,105,"platelet activation","hemostasis",0.771051282051282,0.376,0.935
"GO:0002682",2,"GO:0002684",1.91189529466904,1743,"regulation of immune system process","positive regulation of immune system process",0.821871794871795,0.3412,0.927
"GO:0006955",2,"GO:0002684",1.8781867713327,2189,"immune response","positive regulation of immune system process",0.784615384615385,0.4088,0.733
"GO:0002376",2,"GO:0002684",1.8781867713327,3100,"immune system process","positive regulation of immune system process",0.893769230769231,0.3732,0.798
"GO:0048584",6,"GO:0048584",1.83618101450941,2522,"positive regulation of response to stimulus","positive regulation of response to stimulus",0.735128205128205,0.562,0
"GO:0010893",7,"GO:0010893",1.71199969516547,34,"positive regulation of steroid biosynthetic process","positive regulation of steroid biosynthetic process",0.885794871794872,0.5075,0
"GO:0070374",4,"GO:0007165",1.71199969516547,227,"positive regulation of ERK1 and ERK2 cascade","signal transduction",0.695564102564103,0.421428571428571,0.473
"GO:0045940",7,"GO:0010893",1.70044143663183,44,"positive regulation of steroid metabolic process","positive regulation of steroid biosynthetic process",0.884153846153846,0.5075,0.985
"GO:1902533",1,"GO:0007186",1.70044143663183,1203,"positive regulation of intracellular signal transduction","G protein-coupled receptor signaling pathway",0.654051282051282,0.419,0.485
"GO:0031341",8,"GO:0031341",1.70044143663183,156,"regulation of cell killing","regulation of cell killing",0.886102564102564,0.359666666666667,0
"GO:0050896",10,"GO:0050896",1.68201233498111,10589,"response to stimulus","response to stimulus",0.843128205128205,0.662666666666667,0
"GO:0001775",11,"GO:0001775",1.68201233498111,1249,"cell activation","cell activation",0.936128205128205,0.6385,0
"GO:0015855",9,"GO:0015855",1.68201233498111,6,"pyrimidine nucleobase transport","pyrimidine nucleobase transport",0.930384615384615,0.32125,0
"GO:0045576",11,"GO:0001775",1.5450808185768,90,"mast cell activation","cell activation",0.873692307692308,0.6385,0.723
"GO:1904823",9,"GO:0015855",1.51749468295223,9,"purine nucleobase transmembrane transport","pyrimidine nucleobase transport",0.919564102564103,0.31,0.872
"GO:0015851",9,"GO:0015855",1.51749468295223,10,"nucleobase transport","pyrimidine nucleobase transport",0.927410256410256,0.29225,0.936
"GO:0006863",9,"GO:0015855",1.51749468295223,10,"purine nucleobase transport","pyrimidine nucleobase transport",0.927333333333333,0.2915,0.907
"GO:0070372",4,"GO:0007165",1.46449026051745,333,"regulation of ERK1 and ERK2 cascade","signal transduction",0.728538461538462,0.429857142857143,0.495
"GO:0031343",8,"GO:0031341",1.46449026051745,113,"positive regulation of cell killing","regulation of cell killing",0.839435897435897,0.368,0.974
"GO:0051716",10,"GO:0050896",1.45594362987589,8443,"cellular response to stimulus","response to stimulus",0.811666666666667,0.669333333333333,0.675
"GO:0019722",4,"GO:0007165",1.45594362987589,241,"calcium-mediated signaling","signal transduction",0.795692307692308,0.600142857142857,0.478
"GO:0010647",1,"GO:0007186",1.45594362987589,2099,"positive regulation of cell communication","G protein-coupled receptor signaling pathway",0.75525641025641,0.4064,0.474
"GO:0023056",4,"GO:0007165",1.44358911839489,2099,"positive regulation of signaling","signal transduction",0.767128205128205,0.526,0.619
"GO:0030221",12,"GO:0030221",1.42931027137889,2,"basophil differentiation","basophil differentiation",0.991666666666667,1,0
"GO:0002857",6,"GO:0048584",1.42931027137889,8,"positive regulation of natural killer cell mediated immune response to tumor cell","positive regulation of response to stimulus",0.765128205128205,0.607333333333333,0.511
"GO:0032103",6,"GO:0048584",1.42931027137889,688,"positive regulation of response to external stimulus","positive regulation of response to stimulus",0.766641025641026,0.51,0.803
"GO:0001906",8,"GO:0031341",1.42100362014861,295,"cell killing","regulation of cell killing",0.94074358974359,0.377,0.947
"GO:0009611",10,"GO:0050896",1.3113991652692,589,"response to wounding","response to stimulus",0.86274358974359,0.782,0.337
"GO:0002685",2,"GO:0002684",1.3113991652692,257,"regulation of leukocyte migration","positive regulation of immune system process",0.843974358974359,0.4622,0.719
"GO:0070371",4,"GO:0007165",1.3113991652692,362,"ERK1 and ERK2 cascade","signal transduction",0.763923076923077,0.455285714285714,0.503
"GO:0009967",1,"GO:0007186",1.3113991652692,1711,"positive regulation of signal transduction","G protein-coupled receptor signaling pathway",0.654769230769231,0.3978,0.509
